"Car_Class","Space","Position","Pole","Wall","Door","Map","Legroom","Perpendicular","SeatPole","Vestibule"
"R142a","01a",2,0,1,6,0,0,0,0,0
"R142a","01b",0,1,4,0,0,0,0,0,0
"R142a","01c",0,1,4,0,0,0,0,0,0
"R142a","01d",0,1,4,0,0,0,0,0,0
"R142a","01e",2,0,2,5,0,0,0,0,0
"R142a","02.5a",0,0,0,4,0,0,0,0,0
"R142a","02.5b",0,1,0,0,0,0,0,0,1
"R142a","02.5c",0,1,0,0,0,0,0,0,1
"R142a","02.5d",0,1,0,0,0,0,0,0,1
"R142a","02.5e",0,0,0,4,0,0,0,0,0
"R142a","02a",0,0,0,3,0,0,0,0,0
"R142a","02b",0,1,0,0,0,0,0,0,1
"R142a","02c",0,1,0,0,0,0,0,0,1
"R142a","02d",0,1,0,0,0,0,0,0,1
"R142a","02e",0,0,0,3,0,0,0,0,0
"R142a","03a",0,1,0,3,0,0,0,0,0
"R142a","03b",0,1,0,0,0,0,0,0,1
"R142a","03c",0,1,0,0,0,0,0,0,1
"R142a","03d",0,1,0,0,0,0,0,0,1
"R142a","03e",0,1,0,3,0,0,0,0,0
"R142a","04a",1,0,0,1,2,0,0,0,0
"R142a","04b",0,1,0,0,0,0,0,0,0
"R142a","04c",0,0,0,0,0,0,0,0,0
"R142a","04d",0,1,0,0,3,0,0,0,0
"R142a","04e",1,0,0,2,1,0,0,0,0
"R142a","05a",1,0,0,0,2,0,0,0,0
"R142a","05b",0,0,0,0,0,0,0,0,0
"R142a","05c",0,0,0,0,0,0,0,0,0
"R142a","05d",0,0,0,0,3,0,0,0,0
"R142a","05e",1,0,0,0,1,0,0,0,0
"R142a","06a",1,0,0,0,2,0,0,0,0
"R142a","06b",0,0,0,0,0,0,0,0,0
"R142a","06c",0,1,0,0,0,0,0,0,0
"R142a","06d",0,1,0,0,3,0,0,0,0
"R142a","06e",1,0,0,0,1,0,0,1,0
"R142a","07a",1,0,0,0,0,0,0,2,0
"R142a","07b",0,1,0,0,0,0,0,0,0
"R142a","07c",0,0,0,0,0,0,0,0,0
"R142a","07d",0,1,0,0,0,0,0,0,0
"R142a","07e",1,0,0,0,0,0,0,2,0
"R142a","08a",1,0,0,0,0,0,0,1,0
"R142a","08b",0,1,0,0,0,0,0,0,0
"R142a","08c",0,0,0,0,0,0,0,0,0
"R142a","08d",0,0,0,0,0,0,0,0,0
"R142a","08e",1,0,0,0,0,0,0,0,0
"R142a","09a",1,0,0,0,0,0,0,0,0
"R142a","09b",0,0,0,0,0,0,0,0,0
"R142a","09c",0,0,0,0,0,0,0,0,0
"R142a","09d",0,0,0,0,0,0,0,0,0
"R142a","09e",1,0,0,0,0,0,0,0,0
"R142a","10a",1,0,0,2,0,0,0,0,0
"R142a","10b",0,1,0,0,0,0,0,0,0
"R142a","10c",0,0,0,0,0,0,0,0,0
"R142a","10d",0,1,0,0,0,0,0,0,0
"R142a","10e",1,0,0,1,0,0,0,0,0
"R142a","11.5a",0,0,0,4,0,0,0,0,0
"R142a","11.5b",0,1,0,0,0,0,0,0,1
"R142a","11.5c",0,1,0,0,0,0,0,0,1
"R142a","11.5d",0,0,0,0,0,0,0,0,1
"R142a","11.5e",0,0,0,4,0,0,0,0,0
"R142a","11a",0,1,0,3,0,0,0,0,0
"R142a","11b",0,1,0,0,0,0,0,0,1
"R142a","11c",0,1,0,0,0,0,0,0,1
"R142a","11d",0,1,0,0,0,0,0,0,1
"R142a","11e",0,1,0,3,0,0,0,0,0
"R142a","12a",0,1,0,3,0,0,0,0,0
"R142a","12b",0,1,0,0,0,0,0,0,1
"R142a","12c",0,1,0,0,0,0,0,0,1
"R142a","12d",0,1,0,0,0,0,0,0,1
"R142a","12e",0,1,0,3,0,0,0,0,0
"R142a","13a",1,0,0,1,0,0,0,0,0
"R142a","13b",0,1,0,0,0,0,0,0,0
"R142a","13c",0,0,0,0,0,0,0,0,0
"R142a","13d",0,1,0,0,0,0,0,0,0
"R142a","13e",1,0,0,2,0,0,0,0,0
"R142a","14a",1,0,0,0,0,0,0,0,0
"R142a","14b",0,0,0,0,0,0,0,0,0
"R142a","14c",0,0,0,0,0,0,0,0,0
"R142a","14d",0,0,0,0,0,0,0,0,0
"R142a","14e",1,0,0,0,0,0,0,0,0
"R142a","15a",1,0,0,0,0,0,0,0,0
"R142a","15b",0,0,0,0,0,0,0,0,0
"R142a","15c",0,0,0,0,0,0,0,0,0
"R142a","15d",0,1,0,0,0,0,0,0,0
"R142a","15e",1,0,0,0,0,0,0,1,0
"R142a","16a",1,0,0,0,0,0,0,2,0
"R142a","16b",0,1,0,0,0,0,0,0,0
"R142a","16c",0,0,0,0,0,0,0,0,0
"R142a","16d",0,1,0,0,0,0,0,0,0
"R142a","16e",1,0,0,0,0,0,0,2,0
"R142a","17a",1,0,0,0,0,0,0,1,0
"R142a","17b",0,1,0,0,0,0,0,0,0
"R142a","17c",0,0,0,0,0,0,0,0,0
"R142a","17d",0,0,0,0,0,0,0,0,0
"R142a","17e",1,0,0,0,0,0,0,0,0
"R142a","18a",1,0,0,0,0,0,0,0,0
"R142a","18b",0,0,0,0,0,0,0,0,0
"R142a","18c",0,0,0,0,0,0,0,0,0
"R142a","18d",0,0,0,0,0,0,0,0,0
"R142a","18e",1,0,0,0,0,0,0,0,0
"R142a","19a",1,0,0,2,0,0,0,0,0
"R142a","19b",0,1,0,0,0,0,0,0,0
"R142a","19c",0,0,0,0,0,0,0,0,0
"R142a","19d",0,1,0,0,0,0,0,0,0
"R142a","19e",1,0,0,1,0,0,0,0,0
"R142a","20.5a",0,0,0,4,0,0,0,0,0
"R142a","20.5b",0,1,0,0,0,0,0,0,1
"R142a","20.5c",0,1,0,0,0,0,0,0,1
"R142a","20.5d",0,1,0,0,0,0,0,0,1
"R142a","20.5e",0,0,0,4,0,0,0,0,0
"R142a","20a",0,1,0,3,0,0,0,0,0
"R142a","20b",0,1,0,0,0,0,0,0,1
"R142a","20c",0,1,0,0,0,0,0,0,1
"R142a","20d",0,1,0,0,0,0,0,0,1
"R142a","20e",0,1,0,3,0,0,0,0,0
"R142a","21a",0,1,0,3,0,0,0,0,0
"R142a","21b",0,1,0,0,0,0,0,0,1
"R142a","21c",0,1,0,0,0,0,0,0,1
"R142a","21d",0,1,0,0,0,0,0,0,1
"R142a","21e",0,1,0,3,0,0,0,0,0
"R142a","22a",1,0,0,1,1,0,0,0,0
"R142a","22b",0,1,0,0,3,0,0,0,0
"R142a","22c",0,0,0,0,0,0,0,0,0
"R142a","22d",0,1,0,0,0,0,0,0,0
"R142a","22e",1,0,0,2,2,0,0,0,0
"R142a","23a",1,0,2,0,1,0,0,0,0
"R142a","23b",0,0,4,0,3,0,0,0,0
"R142a","23c",0,0,4,0,0,0,0,0,0
"R142a","23d",0,0,4,0,0,0,0,0,0
"R142a","23e",1,0,1,0,2,0,0,0,0
"R142b","01a",1,0,1,0,0,0,0,0,0
"R142b","01b",0,0,4,0,0,0,0,0,0
"R142b","01c",0,0,4,0,0,0,0,0,0
"R142b","01d",0,0,4,0,0,0,0,0,0
"R142b","01e",1,0,2,0,0,0,0,0,0
"R142b","02a",1,0,0,2,0,0,0,0,0
"R142b","02b",0,1,0,0,0,0,0,0,0
"R142b","02c",0,0,0,0,0,0,0,0,0
"R142b","02d",0,0,0,0,0,0,0,0,0
"R142b","02e",1,0,0,0,0,0,0,0,0
"R142b","03a",0,1,0,4,0,0,0,0,0
"R142b","03b",0,1,0,0,0,0,0,0,1
"R142b","03c",0,0,0,0,0,0,0,0,1
"R142b","03d",0,0,0,0,3,0,0,0,1
"R142b","03e",1,0,0,0,1,0,0,0,0
"R142b","04a",0,0,0,4,0,0,0,0,0
"R142b","04b",0,1,0,0,0,0,0,0,1
"R142b","04c",0,1,0,0,0,0,0,0,1
"R142b","04d",0,1,0,0,3,0,0,0,1
"R142b","04e",1,0,0,1,1,0,0,0,0
"R142b","05a",0,1,0,4,0,0,0,0,0
"R142b","05b",0,1,0,0,0,0,0,0,1
"R142b","05c",0,1,0,0,0,0,0,0,1
"R142b","05d",0,1,0,0,0,0,0,0,1
"R142b","05e",0,1,0,4,0,0,0,0,0
"R142b","06a",1,0,0,1,0,0,0,0,0
"R142b","06b",0,1,0,0,0,0,0,0,1
"R142b","06c",0,0,0,0,0,0,0,0,1
"R142b","06d",0,1,0,0,0,0,0,0,1
"R142b","06e",0,0,0,4,0,0,0,0,0
"R142b","07a",1,0,0,0,0,0,0,0,0
"R142b","07b",0,0,0,0,0,0,0,0,1
"R142b","07c",0,0,0,0,0,0,0,0,1
"R142b","07d",0,1,0,0,0,0,0,0,1
"R142b","07e",0,1,0,4,0,0,0,0,0
"R142b","08a",1,0,0,0,0,0,0,0,0
"R142b","08b",0,0,0,0,0,0,0,0,0
"R142b","08c",0,0,0,0,0,0,0,0,0
"R142b","08d",0,1,0,0,0,0,0,0,0
"R142b","08e",1,0,0,2,0,0,0,0,0
"R142b","09a",1,0,0,0,0,0,0,2,0
"R142b","09b",0,1,0,0,0,0,0,0,0
"R142b","09c",0,0,0,0,0,0,0,0,0
"R142b","09d",0,0,0,0,0,0,0,0,0
"R142b","09e",1,0,0,0,0,0,0,0,0
"R142b","10a",1,0,0,0,0,0,0,1,0
"R142b","10b",0,1,0,0,0,0,0,0,0
"R142b","10c",0,0,0,0,0,0,0,0,0
"R142b","10d",0,1,0,0,0,0,0,0,0
"R142b","10e",1,0,0,0,0,0,0,1,0
"R142b","11a",1,0,0,0,0,0,0,0,0
"R142b","11b",0,0,0,0,0,0,0,0,0
"R142b","11c",0,0,0,0,0,0,0,0,0
"R142b","11d",0,1,0,0,0,0,0,0,0
"R142b","11e",1,0,0,0,0,0,0,2,0
"R142b","12a",1,0,0,2,0,0,0,0,0
"R142b","12b",0,1,0,0,0,0,0,0,0
"R142b","12c",0,0,0,0,0,0,0,0,0
"R142b","12d",0,0,0,0,0,0,0,0,0
"R142b","12e",1,0,0,0,0,0,0,0,0
"R142b","13a",0,1,0,4,0,0,0,0,0
"R142b","13b",0,1,0,0,0,0,0,0,1
"R142b","13c",0,0,0,0,0,0,0,0,1
"R142b","13d",0,0,0,0,0,0,0,0,1
"R142b","13e",1,0,0,0,0,0,0,0,0
"R142b","14a",0,0,0,4,0,0,0,0,0
"R142b","14b",0,1,0,0,0,0,0,0,1
"R142b","14c",0,1,0,0,0,0,0,0,1
"R142b","14d",0,1,0,0,0,0,0,0,1
"R142b","14e",1,0,0,1,0,0,0,0,0
"R142b","15a",0,1,0,4,0,0,0,0,0
"R142b","15b",0,1,0,0,0,0,0,0,1
"R142b","15c",0,1,0,0,0,0,0,0,1
"R142b","15d",0,1,0,0,0,0,0,0,1
"R142b","15e",0,1,0,4,0,0,0,0,0
"R142b","16a",1,0,0,1,0,0,0,0,0
"R142b","16b",0,1,0,0,0,0,0,0,1
"R142b","16c",0,1,0,0,0,0,0,0,1
"R142b","16d",0,1,0,0,0,0,0,0,1
"R142b","16e",0,0,0,4,0,0,0,0,0
"R142b","17a",1,0,0,0,0,0,0,0,0
"R142b","17b",0,0,0,0,0,0,0,0,1
"R142b","17c",0,0,0,0,0,0,0,0,1
"R142b","17d",0,1,0,0,0,0,0,0,1
"R142b","17e",0,1,0,4,0,0,0,0,0
"R142b","18a",1,0,0,0,0,0,0,0,0
"R142b","18b",0,0,0,0,0,0,0,0,0
"R142b","18c",0,0,0,0,0,0,0,0,0
"R142b","18d",0,0,0,0,0,0,0,0,0
"R142b","18e",1,0,0,2,0,0,0,0,0
"R142b","19a",1,0,0,0,0,0,0,2,0
"R142b","19b",0,1,0,0,0,0,0,0,0
"R142b","19c",0,0,0,0,0,0,0,0,0
"R142b","19d",0,0,0,0,0,0,0,0,0
"R142b","19e",1,0,0,0,0,0,0,0,0
"R142b","20a",1,0,0,0,0,0,0,1,0
"R142b","20b",0,1,0,0,0,0,0,0,0
"R142b","20c",0,0,0,0,0,0,0,0,0
"R142b","20d",0,1,0,0,0,0,0,0,0
"R142b","20e",1,0,0,0,0,0,0,1,0
"R142b","21a",1,0,0,0,0,0,0,0,0
"R142b","21b",0,0,0,0,0,0,0,0,0
"R142b","21c",0,0,0,0,0,0,0,0,0
"R142b","21d",0,1,0,0,0,0,0,0,0
"R142b","21e",1,0,0,0,0,0,0,2,0
"R142b","22a",1,0,0,2,0,0,0,0,0
"R142b","22b",0,1,0,0,0,0,0,0,0
"R142b","22c",0,0,0,0,0,0,0,0,0
"R142b","22d",0,0,0,0,0,0,0,0,0
"R142b","22e",1,0,0,0,0,0,0,0,0
"R142b","23a",0,1,0,4,0,0,0,0,0
"R142b","23b",0,1,0,0,0,0,0,0,1
"R142b","23c",0,0,0,0,0,0,0,0,1
"R142b","23d",0,0,0,0,0,0,0,0,1
"R142b","23e",1,0,0,0,0,0,0,0,0
"R142b","24a",0,0,0,4,0,0,0,0,0
"R142b","24b",0,1,0,0,0,0,0,0,1
"R142b","24c",0,0,0,0,0,0,0,0,1
"R142b","24d",0,1,0,0,0,0,0,0,1
"R142b","24e",1,0,0,1,0,0,0,0,0
"R142b","25a",0,1,0,4,0,0,0,0,0
"R142b","25b",0,1,0,0,0,0,0,0,1
"R142b","25c",0,1,0,0,0,0,0,0,1
"R142b","25d",0,1,0,0,0,0,0,0,1
"R142b","25e",0,1,0,4,0,0,0,0,0
"R142b","26a",1,0,0,1,1,0,0,0,0
"R142b","26b",0,1,0,0,3,0,0,0,1
"R142b","26c",0,1,0,0,0,0,0,0,1
"R142b","26d",0,1,0,0,0,0,0,0,1
"R142b","26e",0,0,0,4,0,0,0,0,0
"R142b","27a",1,0,0,0,1,0,0,0,0
"R142b","27b",0,0,0,0,3,0,0,0,1
"R142b","27c",0,0,0,0,0,0,0,0,1
"R142b","27d",0,1,0,0,0,0,0,0,1
"R142b","27e",0,1,0,4,0,0,0,0,0
"R142b","28a",1,0,0,0,0,0,0,0,0
"R142b","28b",0,0,0,0,0,0,0,0,0
"R142b","28c",0,0,0,0,0,0,0,0,0
"R142b","28d",0,1,0,0,0,0,0,0,0
"R142b","28e",1,0,0,2,0,0,0,0,0
"R142b","29a",1,0,2,0,0,0,0,0,0
"R142b","29b",0,0,4,0,0,0,0,0,0
"R142b","29c",0,0,4,0,0,0,0,0,0
"R142b","29d",0,0,4,0,0,0,0,0,0
"R142b","29e",1,0,1,0,0,0,0,0,0
"R143a","01a",1,0,1,0,0,0,0,0,0
"R143a","01b",0,0,4,0,0,0,0,0,0
"R143a","01c",0,0,4,0,0,0,0,0,0
"R143a","01d",0,0,4,0,0,0,0,0,0
"R143a","01e",0,0,4,0,0,0,0,0,0
"R143a","01f",1,0,2,0,0,0,0,0,0
"R143a","02a",1,0,0,2,0,0,0,0,0
"R143a","02b",0,1,0,0,0,0,0,0,0
"R143a","02c",0,0,0,0,0,0,0,0,0
"R143a","02d",0,0,0,0,0,0,0,0,0
"R143a","02e",0,1,0,0,0,0,0,0,0
"R143a","02f",1,0,0,1,0,0,0,0,0
"R143a","03a",0,1,0,3,0,0,0,0,0
"R143a","03b",0,1,0,0,0,0,0,0,1
"R143a","03c",0,1,0,0,0,0,0,0,1
"R143a","03d",0,1,0,0,0,0,0,0,1
"R143a","03e",0,1,0,0,0,0,0,0,1
"R143a","03f",0,1,0,3,0,0,0,0,0
"R143a","04a",0,1,0,3,0,0,0,0,0
"R143a","04b",0,1,0,0,0,0,0,0,1
"R143a","04c",0,1,0,0,0,0,0,0,1
"R143a","04d",0,1,0,0,0,0,0,0,1
"R143a","04e",0,1,0,0,0,0,0,0,1
"R143a","04f",0,1,0,3,0,0,0,0,0
"R143a","05a",1,0,0,1,0,0,0,0,0
"R143a","05b",0,1,0,0,0,0,0,0,0
"R143a","05c",0,0,0,0,0,0,0,0,0
"R143a","05d",0,0,0,0,0,0,0,0,0
"R143a","05e",0,1,0,0,0,0,0,0,0
"R143a","05f",1,0,0,2,0,0,0,0,0
"R143a","06a",1,0,0,0,0,0,0,0,0
"R143a","06b",0,0,0,0,0,0,0,0,0
"R143a","06c",0,0,0,0,0,0,0,0,0
"R143a","06d",0,0,0,0,0,0,0,0,0
"R143a","06e",0,0,0,0,0,0,0,0,0
"R143a","06f",1,0,0,0,0,0,0,0,0
"R143a","07a",1,0,0,0,0,0,0,2,0
"R143a","07b",0,1,0,0,0,0,0,0,0
"R143a","07c",0,0,0,0,0,0,0,0,0
"R143a","07d",0,0,0,0,0,0,0,0,0
"R143a","07e",0,1,0,0,0,0,0,0,0
"R143a","07f",1,0,0,0,0,0,0,1,0
"R143a","08a",1,0,0,0,0,0,0,1,0
"R143a","08b",0,1,0,0,0,0,0,0,0
"R143a","08c",0,0,0,0,0,0,0,0,0
"R143a","08d",0,0,0,0,0,0,0,0,0
"R143a","08e",0,1,0,0,0,0,0,0,0
"R143a","08f",1,0,0,0,0,0,0,2,0
"R143a","09a",1,0,0,0,2,0,0,0,0
"R143a","09b",0,0,0,0,0,0,0,0,0
"R143a","09c",0,0,0,0,0,0,0,0,0
"R143a","09d",0,0,0,0,0,0,0,0,0
"R143a","09e",0,0,0,0,3,0,0,0,0
"R143a","09f",1,0,0,0,1,0,0,0,0
"R143a","10a",1,0,0,2,2,0,0,0,0
"R143a","10b",0,1,0,0,0,0,0,0,0
"R143a","10c",0,0,0,0,0,0,0,0,0
"R143a","10d",0,0,0,0,0,0,0,0,0
"R143a","10e",0,1,0,0,3,0,0,0,0
"R143a","10f",1,0,0,1,1,0,0,0,0
"R143a","11a",0,1,0,3,0,0,0,0,0
"R143a","11b",0,1,0,0,0,0,0,0,1
"R143a","11c",0,1,0,0,0,0,0,0,1
"R143a","11d",0,1,0,0,0,0,0,0,1
"R143a","11e",0,1,0,0,0,0,0,0,1
"R143a","11f",0,1,0,3,0,0,0,0,0
"R143a","12a",0,1,0,3,0,0,0,0,0
"R143a","12b",0,1,0,0,0,0,0,0,1
"R143a","12c",0,1,0,0,0,0,0,0,1
"R143a","12d",0,1,0,0,0,0,0,0,1
"R143a","12e",0,1,0,0,0,0,0,0,1
"R143a","12f",0,1,0,3,0,0,0,0,0
"R143a","13a",1,0,0,1,0,0,0,0,0
"R143a","13b",0,1,0,0,0,0,0,0,0
"R143a","13c",0,0,0,0,0,0,0,0,0
"R143a","13d",0,0,0,0,0,0,0,0,0
"R143a","13e",0,1,0,0,0,0,0,0,0
"R143a","13f",1,0,0,2,0,0,0,0,0
"R143a","14a",1,0,0,0,0,0,0,0,0
"R143a","14b",0,0,0,0,0,0,0,0,0
"R143a","14c",0,0,0,0,0,0,0,0,0
"R143a","14d",0,0,0,0,0,0,0,0,0
"R143a","14e",0,0,0,0,0,0,0,0,0
"R143a","14f",1,0,0,0,0,0,0,0,0
"R143a","15a",1,0,0,0,0,0,0,2,0
"R143a","15b",0,1,0,0,0,0,0,0,0
"R143a","15c",0,0,0,0,0,0,0,0,0
"R143a","15d",0,0,0,0,0,0,0,0,0
"R143a","15e",0,1,0,0,0,0,0,0,0
"R143a","15f",1,0,0,0,0,0,0,1,0
"R143a","16a",1,0,0,0,0,0,0,1,0
"R143a","16b",0,1,0,0,0,0,0,0,0
"R143a","16c",0,0,0,0,0,0,0,0,0
"R143a","16d",0,0,0,0,0,0,0,0,0
"R143a","16e",0,1,0,0,0,0,0,0,0
"R143a","16f",1,0,0,0,0,0,0,2,0
"R143a","17a",1,0,0,0,0,0,0,0,0
"R143a","17b",0,0,0,0,0,0,0,0,0
"R143a","17c",0,0,0,0,0,0,0,0,0
"R143a","17d",0,0,0,0,0,0,0,0,0
"R143a","17e",0,0,0,0,0,0,0,0,0
"R143a","17f",1,0,0,0,0,0,0,0,0
"R143a","18a",1,0,0,2,0,0,0,0,0
"R143a","18b",0,1,0,0,0,0,0,0,0
"R143a","18c",0,0,0,0,0,0,0,0,0
"R143a","18d",0,0,0,0,0,0,0,0,0
"R143a","18e",0,1,0,0,0,0,0,0,0
"R143a","18f",1,0,0,1,0,0,0,0,0
"R143a","19a",0,1,0,3,0,0,0,0,0
"R143a","19b",0,1,0,0,0,0,0,0,1
"R143a","19c",0,1,0,0,0,0,0,0,1
"R143a","19d",0,1,0,0,0,0,0,0,1
"R143a","19e",0,1,0,0,0,0,0,0,1
"R143a","19f",0,1,0,3,0,0,0,0,0
"R143a","20a",0,1,0,3,0,0,0,0,0
"R143a","20b",0,1,0,0,0,0,0,0,1
"R143a","20c",0,1,0,0,0,0,0,0,1
"R143a","20d",0,1,0,0,0,0,0,0,1
"R143a","20e",0,1,0,0,0,0,0,0,1
"R143a","20f",0,1,0,3,0,0,0,0,0
"R143a","21a",1,0,0,1,0,0,0,0,0
"R143a","21b",0,1,0,0,0,0,0,0,0
"R143a","21c",0,0,0,0,0,0,0,0,0
"R143a","21d",0,0,0,0,0,0,0,0,0
"R143a","21e",0,1,0,0,0,0,0,0,0
"R143a","21f",1,0,0,2,0,0,0,0,0
"R143a","22a",1,0,0,0,0,0,0,0,0
"R143a","22b",0,0,0,0,0,0,0,0,0
"R143a","22c",0,1,0,0,0,0,0,0,0
"R143a","22d",0,1,0,0,0,0,0,0,0
"R143a","22e",0,0,0,0,0,0,0,0,0
"R143a","22f",1,0,0,0,0,0,0,0,0
"R143a","23a",1,0,0,0,0,0,0,2,0
"R143a","23b",0,1,0,0,0,0,0,0,0
"R143a","23c",0,1,0,0,0,0,0,0,0
"R143a","23d",0,1,0,0,0,0,0,0,0
"R143a","23e",0,1,0,0,0,0,0,0,0
"R143a","23f",1,0,0,0,0,0,0,1,0
"R143a","24a",1,0,0,0,0,0,0,1,0
"R143a","24b",0,1,0,0,0,0,0,0,0
"R143a","24c",0,0,0,0,0,0,0,0,0
"R143a","24d",0,0,0,0,0,0,0,0,0
"R143a","24e",0,1,0,0,0,0,0,0,0
"R143a","24f",1,0,0,0,0,0,0,2,0
"R143a","25a",1,0,0,0,1,0,0,0,0
"R143a","25b",0,0,0,0,3,0,0,0,0
"R143a","25c",0,0,0,0,0,0,0,0,0
"R143a","25d",0,0,0,0,0,0,0,0,0
"R143a","25e",0,0,0,0,0,0,0,0,0
"R143a","25f",1,0,0,0,2,0,0,0,0
"R143a","26a",1,0,0,2,1,0,0,0,0
"R143a","26b",0,1,0,0,3,0,0,0,0
"R143a","26c",0,1,0,0,0,0,0,0,0
"R143a","26d",0,1,0,0,0,0,0,0,0
"R143a","26e",0,1,0,0,0,0,0,0,0
"R143a","26f",1,0,0,1,2,0,0,0,0
"R143a","27a",0,1,0,3,0,0,0,0,0
"R143a","27b",0,1,0,0,0,0,0,0,1
"R143a","27c",0,1,0,0,0,0,0,0,1
"R143a","27d",0,1,0,0,0,0,0,0,1
"R143a","27e",0,1,0,0,0,0,0,0,1
"R143a","27f",0,1,0,3,0,0,0,0,0
"R143a","28a",0,1,0,3,0,0,0,0,0
"R143a","28b",0,0,0,0,0,0,0,0,1
"R143a","28c",0,0,0,0,0,0,0,0,1
"R143a","28d",0,0,0,0,0,0,0,0,1
"R143a","28e",0,0,0,0,0,0,0,0,1
"R143a","28f",0,1,0,3,0,0,0,0,0
"R143a","29a",2,0,2,5,0,0,0,0,0
"R143a","29b",0,1,4,0,0,0,0,0,0
"R143a","29c",0,1,4,0,0,0,0,0,0
"R143a","29d",0,1,4,0,0,0,0,0,0
"R143a","29e",0,1,4,0,0,0,0,0,0
"R143a","29f",2,0,1,6,0,0,0,0,0
"R160a","01a",1,0,1,0,0,0,0,0,0
"R160a","01b",0,0,4,0,0,0,0,0,0
"R160a","01c",0,0,4,0,0,0,0,0,0
"R160a","01d",0,0,4,0,0,0,0,0,0
"R160a","01e",0,0,4,0,0,0,0,0,0
"R160a","01f",1,0,2,0,0,0,0,0,0
"R160a","02a",1,0,0,2,0,0,0,0,0
"R160a","02b",0,1,0,0,0,0,0,0,0
"R160a","02c",0,0,0,0,0,0,0,0,0
"R160a","02d",0,0,0,0,0,0,0,0,0
"R160a","02e",0,1,0,0,0,0,0,0,0
"R160a","02f",1,0,0,1,0,0,0,0,0
"R160a","03a",0,1,0,3,0,0,0,0,0
"R160a","03b",0,1,0,0,0,0,0,0,1
"R160a","03c",0,1,0,0,0,0,0,0,1
"R160a","03d",0,1,0,0,0,0,0,0,1
"R160a","03e",0,1,0,0,0,0,0,0,1
"R160a","03f",0,1,0,3,0,0,0,0,0
"R160a","04a",0,1,0,3,0,0,0,0,0
"R160a","04b",0,1,0,0,0,0,0,0,1
"R160a","04c",0,1,0,0,0,0,0,0,1
"R160a","04d",0,1,0,0,0,0,0,0,1
"R160a","04e",0,1,0,0,0,0,0,0,1
"R160a","04f",0,1,0,3,0,0,0,0,0
"R160a","05a",1,0,0,1,0,0,0,0,0
"R160a","05b",0,1,0,0,0,0,0,0,0
"R160a","05c",0,0,0,0,0,0,0,0,0
"R160a","05d",0,0,0,0,0,0,0,0,0
"R160a","05e",0,1,0,0,0,0,0,0,0
"R160a","05f",1,0,0,2,0,0,0,0,0
"R160a","06a",1,0,0,0,0,0,0,0,0
"R160a","06b",0,0,0,0,0,0,0,0,0
"R160a","06c",0,0,0,0,0,0,0,0,0
"R160a","06d",0,0,0,0,0,0,0,0,0
"R160a","06e",0,0,0,0,0,0,0,0,0
"R160a","06f",1,0,0,0,0,0,0,0,0
"R160a","07a",1,0,0,0,0,0,0,2,0
"R160a","07b",0,1,0,0,0,0,0,0,0
"R160a","07c",0,0,0,0,0,0,0,0,0
"R160a","07d",0,0,0,0,0,0,0,0,0
"R160a","07e",0,1,0,0,0,0,0,0,0
"R160a","07f",1,0,0,0,0,0,0,1,0
"R160a","08a",1,0,0,0,0,0,0,1,0
"R160a","08b",0,1,0,0,0,0,0,0,0
"R160a","08c",0,0,0,0,0,0,0,0,0
"R160a","08d",0,0,0,0,0,0,0,0,0
"R160a","08e",0,1,0,0,0,0,0,0,0
"R160a","08f",1,0,0,0,0,0,0,2,0
"R160a","09a",1,0,0,0,2,0,0,0,0
"R160a","09b",0,0,0,0,0,0,0,0,0
"R160a","09c",0,0,0,0,0,0,0,0,0
"R160a","09d",0,0,0,0,0,0,0,0,0
"R160a","09e",0,0,0,0,3,0,0,0,0
"R160a","09f",1,0,0,0,1,0,0,0,0
"R160a","10a",1,0,0,2,2,0,0,0,0
"R160a","10b",0,1,0,0,0,0,0,0,0
"R160a","10c",0,0,0,0,0,0,0,0,0
"R160a","10d",0,0,0,0,0,0,0,0,0
"R160a","10e",0,1,0,0,3,0,0,0,0
"R160a","10f",1,0,0,1,1,0,0,0,0
"R160a","11a",0,1,0,3,0,0,0,0,0
"R160a","11b",0,1,0,0,0,0,0,0,1
"R160a","11c",0,1,0,0,0,0,0,0,1
"R160a","11d",0,1,0,0,0,0,0,0,1
"R160a","11e",0,1,0,0,0,0,0,0,1
"R160a","11f",0,1,0,3,0,0,0,0,0
"R160a","12a",0,1,0,3,0,0,0,0,0
"R160a","12b",0,1,0,0,0,0,0,0,1
"R160a","12c",0,1,0,0,0,0,0,0,1
"R160a","12d",0,1,0,0,0,0,0,0,1
"R160a","12e",0,1,0,0,0,0,0,0,1
"R160a","12f",0,1,0,3,0,0,0,0,0
"R160a","13a",1,0,0,1,0,0,0,0,0
"R160a","13b",0,1,0,0,0,0,0,0,0
"R160a","13c",0,0,0,0,0,0,0,0,0
"R160a","13d",0,0,0,0,0,0,0,0,0
"R160a","13e",0,1,0,0,0,0,0,0,0
"R160a","13f",1,0,0,2,0,0,0,0,0
"R160a","14a",1,0,0,0,0,0,0,0,0
"R160a","14b",0,0,0,0,0,0,0,0,0
"R160a","14c",0,0,0,0,0,0,0,0,0
"R160a","14d",0,0,0,0,0,0,0,0,0
"R160a","14e",0,0,0,0,0,0,0,0,0
"R160a","14f",1,0,0,0,0,0,0,0,0
"R160a","15a",1,0,0,0,0,0,0,2,0
"R160a","15b",0,1,0,0,0,0,0,0,0
"R160a","15c",0,0,0,0,0,0,0,0,0
"R160a","15d",0,0,0,0,0,0,0,0,0
"R160a","15e",0,1,0,0,0,0,0,0,0
"R160a","15f",1,0,0,0,0,0,0,1,0
"R160a","16a",1,0,0,0,0,0,0,1,0
"R160a","16b",0,1,0,0,0,0,0,0,0
"R160a","16c",0,0,0,0,0,0,0,0,0
"R160a","16d",0,0,0,0,0,0,0,0,0
"R160a","16e",0,1,0,0,0,0,0,0,0
"R160a","16f",1,0,0,0,0,0,0,2,0
"R160a","17a",1,0,0,0,0,0,0,0,0
"R160a","17b",0,0,0,0,0,0,0,0,0
"R160a","17c",0,0,0,0,0,0,0,0,0
"R160a","17d",0,0,0,0,0,0,0,0,0
"R160a","17e",0,0,0,0,0,0,0,0,0
"R160a","17f",1,0,0,0,0,0,0,0,0
"R160a","18a",1,0,0,2,0,0,0,0,0
"R160a","18b",0,1,0,0,0,0,0,0,0
"R160a","18c",0,0,0,0,0,0,0,0,0
"R160a","18d",0,0,0,0,0,0,0,0,0
"R160a","18e",0,1,0,0,0,0,0,0,0
"R160a","18f",1,0,0,1,0,0,0,0,0
"R160a","19a",0,1,0,3,0,0,0,0,0
"R160a","19b",0,1,0,0,0,0,0,0,1
"R160a","19c",0,1,0,0,0,0,0,0,1
"R160a","19d",0,1,0,0,0,0,0,0,1
"R160a","19e",0,1,0,0,0,0,0,0,1
"R160a","19f",0,1,0,3,0,0,0,0,0
"R160a","20a",0,1,0,3,0,0,0,0,0
"R160a","20b",0,1,0,0,0,0,0,0,1
"R160a","20c",0,1,0,0,0,0,0,0,1
"R160a","20d",0,1,0,0,0,0,0,0,1
"R160a","20e",0,1,0,0,0,0,0,0,1
"R160a","20f",0,1,0,3,0,0,0,0,0
"R160a","21a",1,0,0,1,0,0,0,0,0
"R160a","21b",0,1,0,0,0,0,0,0,0
"R160a","21c",0,0,0,0,0,0,0,0,0
"R160a","21d",0,0,0,0,0,0,0,0,0
"R160a","21e",0,1,0,0,0,0,0,0,0
"R160a","21f",1,0,0,2,0,0,0,0,0
"R160a","22a",1,0,0,0,0,0,0,0,0
"R160a","22b",0,0,0,0,0,0,0,0,0
"R160a","22c",0,1,0,0,0,0,0,0,0
"R160a","22d",0,1,0,0,0,0,0,0,0
"R160a","22e",0,0,0,0,0,0,0,0,0
"R160a","22f",1,0,0,0,0,0,0,0,0
"R160a","23a",1,0,0,0,0,0,0,2,0
"R160a","23b",0,1,0,0,0,0,0,0,0
"R160a","23c",0,1,0,0,0,0,0,0,0
"R160a","23d",0,1,0,0,0,0,0,0,0
"R160a","23e",0,1,0,0,0,0,0,0,0
"R160a","23f",1,0,0,0,0,0,0,1,0
"R160a","24a",1,0,0,0,0,0,0,1,0
"R160a","24b",0,1,0,0,0,0,0,0,0
"R160a","24c",0,0,0,0,0,0,0,0,0
"R160a","24d",0,0,0,0,0,0,0,0,0
"R160a","24e",0,1,0,0,0,0,0,0,0
"R160a","24f",1,0,0,0,0,0,0,2,0
"R160a","25a",1,0,0,0,1,0,0,0,0
"R160a","25b",0,0,0,0,3,0,0,0,0
"R160a","25c",0,0,0,0,0,0,0,0,0
"R160a","25d",0,0,0,0,0,0,0,0,0
"R160a","25e",0,0,0,0,0,0,0,0,0
"R160a","25f",1,0,0,0,2,0,0,0,0
"R160a","26a",1,0,0,2,1,0,0,0,0
"R160a","26b",0,1,0,0,3,0,0,0,0
"R160a","26c",0,1,0,0,0,0,0,0,0
"R160a","26d",0,1,0,0,0,0,0,0,0
"R160a","26e",0,1,0,0,0,0,0,0,0
"R160a","26f",1,0,0,1,2,0,0,0,0
"R160a","27a",0,1,0,3,0,0,0,0,0
"R160a","27b",0,1,0,0,0,0,0,0,1
"R160a","27c",0,1,0,0,0,0,0,0,1
"R160a","27d",0,1,0,0,0,0,0,0,1
"R160a","27e",0,1,0,0,0,0,0,0,1
"R160a","27f",0,1,0,3,0,0,0,0,0
"R160a","28a",0,1,0,3,0,0,0,0,0
"R160a","28b",0,0,0,0,0,0,0,0,1
"R160a","28c",0,0,0,0,0,0,0,0,1
"R160a","28d",0,0,0,0,0,0,0,0,1
"R160a","28e",0,0,0,0,0,0,0,0,1
"R160a","28f",0,1,0,3,0,0,0,0,0
"R160a","29a",0,1,4,0,0,0,0,0,0
"R160a","29b",0,1,4,0,0,0,0,0,0
"R160a","29c",0,1,4,0,0,0,0,0,0
"R160a","29d",0,1,4,0,0,0,0,0,0
"R160a","29e",0,1,4,0,0,0,0,0,0
"R160a","29f",0,1,4,0,0,0,0,0,0
"R160b","01a",1,0,1,0,0,0,0,0,0
"R160b","01b",0,0,4,0,0,0,0,0,0
"R160b","01c",0,0,4,0,0,0,0,0,0
"R160b","01d",0,0,4,0,0,0,0,0,0
"R160b","01e",0,0,4,0,0,0,0,0,0
"R160b","01f",1,0,2,0,0,0,0,0,0
"R160b","02a",1,0,0,2,0,0,0,0,0
"R160b","02b",0,1,0,0,0,0,0,0,0
"R160b","02c",0,0,0,0,0,0,0,0,0
"R160b","02d",0,0,0,0,0,0,0,0,0
"R160b","02e",0,1,0,0,0,0,0,0,0
"R160b","02f",1,0,0,1,0,0,0,0,0
"R160b","03a",0,1,0,3,0,0,0,0,0
"R160b","03b",0,1,0,0,0,0,0,0,1
"R160b","03c",0,1,0,0,0,0,0,0,1
"R160b","03d",0,1,0,0,0,0,0,0,1
"R160b","03e",0,1,0,0,0,0,0,0,1
"R160b","03f",0,1,0,3,0,0,0,0,0
"R160b","04a",0,1,0,3,0,0,0,0,0
"R160b","04b",0,1,0,0,0,0,0,0,1
"R160b","04c",0,1,0,0,0,0,0,0,1
"R160b","04d",0,1,0,0,0,0,0,0,1
"R160b","04e",0,1,0,0,0,0,0,0,1
"R160b","04f",0,1,0,3,0,0,0,0,0
"R160b","05a",1,0,0,1,0,0,0,0,0
"R160b","05b",0,1,0,0,0,0,0,0,0
"R160b","05c",0,0,0,0,0,0,0,0,0
"R160b","05d",0,0,0,0,0,0,0,0,0
"R160b","05e",0,1,0,0,0,0,0,0,0
"R160b","05f",1,0,0,2,0,0,0,0,0
"R160b","06a",1,0,0,0,0,0,0,0,0
"R160b","06b",0,0,0,0,0,0,0,0,0
"R160b","06c",0,0,0,0,0,0,0,0,0
"R160b","06d",0,0,0,0,0,0,0,0,0
"R160b","06e",0,0,0,0,0,0,0,0,0
"R160b","06f",1,0,0,0,0,0,0,0,0
"R160b","07a",1,0,0,0,0,0,0,2,0
"R160b","07b",0,1,0,0,0,0,0,0,0
"R160b","07c",0,0,0,0,0,0,0,0,0
"R160b","07d",0,0,0,0,0,0,0,0,0
"R160b","07e",0,1,0,0,0,0,0,0,0
"R160b","07f",1,0,0,0,0,0,0,1,0
"R160b","08a",1,0,0,0,0,0,0,1,0
"R160b","08b",0,1,0,0,0,0,0,0,0
"R160b","08c",0,0,0,0,0,0,0,0,0
"R160b","08d",0,0,0,0,0,0,0,0,0
"R160b","08e",0,1,0,0,0,0,0,0,0
"R160b","08f",1,0,0,0,0,0,0,2,0
"R160b","09a",1,0,0,0,2,0,0,0,0
"R160b","09b",0,0,0,0,0,0,0,0,0
"R160b","09c",0,0,0,0,0,0,0,0,0
"R160b","09d",0,0,0,0,0,0,0,0,0
"R160b","09e",0,0,0,0,3,0,0,0,0
"R160b","09f",1,0,0,0,1,0,0,0,0
"R160b","10a",1,0,0,2,2,0,0,0,0
"R160b","10b",0,1,0,0,0,0,0,0,0
"R160b","10c",0,0,0,0,0,0,0,0,0
"R160b","10d",0,0,0,0,0,0,0,0,0
"R160b","10e",0,1,0,0,3,0,0,0,0
"R160b","10f",1,0,0,1,1,0,0,0,0
"R160b","11a",0,1,0,3,0,0,0,0,0
"R160b","11b",0,1,0,0,0,0,0,0,1
"R160b","11c",0,1,0,0,0,0,0,0,1
"R160b","11d",0,1,0,0,0,0,0,0,1
"R160b","11e",0,1,0,0,0,0,0,0,1
"R160b","11f",0,1,0,3,0,0,0,0,0
"R160b","12a",0,1,0,3,0,0,0,0,0
"R160b","12b",0,1,0,0,0,0,0,0,1
"R160b","12c",0,1,0,0,0,0,0,0,1
"R160b","12d",0,1,0,0,0,0,0,0,1
"R160b","12e",0,1,0,0,0,0,0,0,1
"R160b","12f",0,1,0,3,0,0,0,0,0
"R160b","13a",1,0,0,1,0,0,0,0,0
"R160b","13b",0,1,0,0,0,0,0,0,0
"R160b","13c",0,0,0,0,0,0,0,0,0
"R160b","13d",0,0,0,0,0,0,0,0,0
"R160b","13e",0,1,0,0,0,0,0,0,0
"R160b","13f",1,0,0,2,0,0,0,0,0
"R160b","14a",1,0,0,0,0,0,0,0,0
"R160b","14b",0,0,0,0,0,0,0,0,0
"R160b","14c",0,0,0,0,0,0,0,0,0
"R160b","14d",0,0,0,0,0,0,0,0,0
"R160b","14e",0,0,0,0,0,0,0,0,0
"R160b","14f",1,0,0,0,0,0,0,0,0
"R160b","15a",1,0,0,0,0,0,0,2,0
"R160b","15b",0,1,0,0,0,0,0,0,0
"R160b","15c",0,0,0,0,0,0,0,0,0
"R160b","15d",0,0,0,0,0,0,0,0,0
"R160b","15e",0,1,0,0,0,0,0,0,0
"R160b","15f",1,0,0,0,0,0,0,1,0
"R160b","16a",1,0,0,0,0,0,0,1,0
"R160b","16b",0,1,0,0,0,0,0,0,0
"R160b","16c",0,0,0,0,0,0,0,0,0
"R160b","16d",0,0,0,0,0,0,0,0,0
"R160b","16e",0,1,0,0,0,0,0,0,0
"R160b","16f",1,0,0,0,0,0,0,2,0
"R160b","17a",1,0,0,0,0,0,0,0,0
"R160b","17b",0,0,0,0,0,0,0,0,0
"R160b","17c",0,0,0,0,0,0,0,0,0
"R160b","17d",0,0,0,0,0,0,0,0,0
"R160b","17e",0,0,0,0,0,0,0,0,0
"R160b","17f",1,0,0,0,0,0,0,0,0
"R160b","18a",1,0,0,2,0,0,0,0,0
"R160b","18b",0,1,0,0,0,0,0,0,0
"R160b","18c",0,0,0,0,0,0,0,0,0
"R160b","18d",0,0,0,0,0,0,0,0,0
"R160b","18e",0,1,0,0,0,0,0,0,0
"R160b","18f",1,0,0,1,0,0,0,0,0
"R160b","19a",0,1,0,3,0,0,0,0,0
"R160b","19b",0,1,0,0,0,0,0,0,1
"R160b","19c",0,1,0,0,0,0,0,0,1
"R160b","19d",0,1,0,0,0,0,0,0,1
"R160b","19e",0,1,0,0,0,0,0,0,1
"R160b","19f",0,1,0,3,0,0,0,0,0
"R160b","20a",0,1,0,3,0,0,0,0,0
"R160b","20b",0,1,0,0,0,0,0,0,1
"R160b","20c",0,1,0,0,0,0,0,0,1
"R160b","20d",0,1,0,0,0,0,0,0,1
"R160b","20e",0,1,0,0,0,0,0,0,1
"R160b","20f",0,1,0,3,0,0,0,0,0
"R160b","21a",1,0,0,1,1,0,0,0,0
"R160b","21b",0,1,0,0,3,0,0,0,0
"R160b","21c",0,0,0,0,0,0,0,0,0
"R160b","21d",0,0,0,0,0,0,0,0,0
"R160b","21e",0,1,0,0,0,0,0,0,0
"R160b","21f",1,0,0,2,2,0,0,0,0
"R160b","22a",1,0,0,0,1,0,0,0,0
"R160b","22b",0,0,0,0,3,0,0,0,0
"R160b","22c",0,0,0,0,0,0,0,0,0
"R160b","22d",0,0,0,0,0,0,0,0,0
"R160b","22e",0,0,0,0,0,0,0,0,0
"R160b","22f",1,0,0,0,2,0,0,0,0
"R160b","23a",1,0,0,0,0,0,0,2,0
"R160b","23b",0,1,0,0,0,0,0,0,0
"R160b","23c",0,0,0,0,0,0,0,0,0
"R160b","23d",0,0,0,0,0,0,0,0,0
"R160b","23e",0,1,0,0,0,0,0,0,0
"R160b","23f",1,0,0,0,0,0,0,1,0
"R160b","24a",1,0,0,0,0,0,0,1,0
"R160b","24b",0,1,0,0,0,0,0,0,0
"R160b","24c",0,0,0,0,0,0,0,0,0
"R160b","24d",0,0,0,0,0,0,0,0,0
"R160b","24e",0,1,0,0,0,0,0,0,0
"R160b","24f",1,0,0,0,0,0,0,2,0
"R160b","25a",1,0,0,0,0,0,0,0,0
"R160b","25b",0,0,0,0,0,0,0,0,0
"R160b","25c",0,0,0,0,0,0,0,0,0
"R160b","25d",0,0,0,0,0,0,0,0,0
"R160b","25e",0,0,0,0,0,0,0,0,0
"R160b","25f",1,0,0,0,0,0,0,0,0
"R160b","26a",1,0,0,2,0,0,0,0,0
"R160b","26b",0,1,0,0,0,0,0,0,0
"R160b","26c",0,0,0,0,0,0,0,0,0
"R160b","26d",0,0,0,0,0,0,0,0,0
"R160b","26e",0,1,0,0,0,0,0,0,0
"R160b","26f",1,0,0,1,0,0,0,0,0
"R160b","27a",0,1,0,3,0,0,0,0,0
"R160b","27b",0,1,0,0,0,0,0,0,1
"R160b","27c",0,1,0,0,0,0,0,0,1
"R160b","27d",0,1,0,0,0,0,0,0,1
"R160b","27e",0,1,0,0,0,0,0,0,1
"R160b","27f",0,1,0,3,0,0,0,0,0
"R160b","28a",0,1,0,3,0,0,0,0,0
"R160b","28b",0,1,0,0,0,0,0,0,1
"R160b","28c",0,1,0,0,0,0,0,0,1
"R160b","28d",0,1,0,0,0,0,0,0,1
"R160b","28e",0,1,0,0,0,0,0,0,1
"R160b","28f",0,1,0,3,0,0,0,0,0
"R160b","29a",1,0,0,1,0,0,0,0,0
"R160b","29b",0,1,0,0,0,0,0,0,0
"R160b","29c",0,0,0,0,0,0,0,0,0
"R160b","29d",0,0,0,0,0,0,0,0,0
"R160b","29e",0,1,0,0,0,0,0,0,0
"R160b","29f",1,0,0,2,0,0,0,0,0
"R160b","30a",1,0,2,0,0,0,0,0,0
"R160b","30b",0,0,4,0,0,0,0,0,0
"R160b","30c",0,0,4,0,0,0,0,0,0
"R160b","30d",0,0,4,0,0,0,0,0,0
"R160b","30e",0,0,4,0,0,0,0,0,0
"R160b","30f",1,0,1,0,0,0,0,0,0
"R32","01a",1,0,1,0,0,0,0,0,0
"R32","01b",0,0,4,0,0,0,0,0,0
"R32","01c",0,0,4,0,0,0,0,0,0
"R32","01d",0,0,4,0,0,0,0,0,0
"R32","02a",1,0,0,2,0,0,0,0,0
"R32","02b",0,0,0,0,0,0,0,0,0
"R32","02c",0,0,0,0,0,0,0,0,0
"R32","02d",0,0,0,0,0,0,0,0,0
"R32","03a",0,0,0,4,0,0,0,0,0
"R32","03b",0,0,0,0,0,0,0,0,1
"R32","03c",0,0,0,0,0,0,0,0,1
"R32","03d",0,0,0,0,0,0,0,0,1
"R32","03e",0,0,0,0,0,0,0,0,1
"R32","03f",1,0,2,0,0,0,0,0,0
"R32","04a",0,0,0,4,0,0,0,0,0
"R32","04b",0,0,0,0,0,0,0,0,1
"R32","04c",0,0,0,0,0,0,0,0,1
"R32","04d",0,0,0,0,0,0,0,0,1
"R32","04e",0,0,0,0,0,0,0,0,1
"R32","04f",1,0,0,1,0,0,0,0,0
"R32","05a",1,0,0,1,0,0,0,0,0
"R32","05b",0,0,0,0,0,0,0,0,1
"R32","05c",0,1,0,0,0,0,0,0,1
"R32","05d",0,1,0,0,0,0,0,0,1
"R32","05e",0,0,0,0,0,0,0,0,1
"R32","05f",0,0,0,4,0,0,0,0,0
"R32","06a",1,0,0,0,0,0,0,0,0
"R32","06b",0,0,0,0,0,0,0,0,1
"R32","06c",0,1,0,0,0,0,0,0,1
"R32","06d",0,1,0,0,0,0,0,0,1
"R32","06e",0,0,0,0,0,0,0,0,1
"R32","06f",0,0,0,4,0,0,0,0,0
"R32","07a",1,0,0,0,0,0,0,0,0
"R32","07b",0,0,0,0,0,0,0,0,0
"R32","07c",0,0,0,0,0,0,0,0,0
"R32","07d",0,0,0,0,0,0,0,0,0
"R32","07e",0,0,0,0,0,0,0,0,0
"R32","07f",1,0,0,2,0,0,0,0,0
"R32","08a",1,0,0,0,0,0,0,0,0
"R32","08b",0,0,0,0,0,0,0,0,0
"R32","08c",0,1,0,0,0,0,0,0,0
"R32","08d",0,1,0,0,0,0,0,0,0
"R32","08e",0,0,0,0,0,0,0,0,0
"R32","08f",1,0,0,0,0,0,0,0,0
"R32","09a",1,0,0,0,0,0,0,0,0
"R32","09b",0,0,0,0,0,0,0,0,0
"R32","09c",0,1,0,0,0,0,0,0,0
"R32","09d",0,1,0,0,0,0,0,0,0
"R32","09e",0,0,0,0,0,0,0,0,0
"R32","09f",1,0,0,0,0,0,0,0,0
"R32","10a",1,0,0,0,1,0,0,0,0
"R32","10b",0,0,0,0,3,0,0,0,0
"R32","10c",0,0,0,0,0,0,0,0,0
"R32","10d",0,0,0,0,0,0,0,0,0
"R32","10e",0,0,0,0,0,0,0,0,0
"R32","10f",1,0,0,0,2,0,0,0,0
"R32","11a",1,0,0,2,1,0,0,0,0
"R32","11b",0,0,0,0,3,0,0,0,0
"R32","11c",0,1,0,0,0,0,0,0,0
"R32","11d",0,1,0,0,0,0,0,0,0
"R32","11e",0,0,0,0,0,0,0,0,0
"R32","11f",1,0,0,0,2,0,0,0,0
"R32","12a",0,0,0,4,0,0,0,0,0
"R32","12b",0,0,0,0,0,0,0,0,1
"R32","12c",0,1,0,0,0,0,0,0,1
"R32","12d",0,1,0,0,0,0,0,0,1
"R32","12e",0,0,0,0,0,0,0,0,1
"R32","12f",1,0,0,0,0,0,0,0,0
"R32","13a",0,0,0,4,0,0,0,0,0
"R32","13b",0,0,0,0,0,0,0,0,1
"R32","13c",0,0,0,0,0,0,0,0,1
"R32","13d",0,0,0,0,0,0,0,0,1
"R32","13e",0,0,0,0,0,0,0,0,1
"R32","13f",1,0,0,1,0,0,0,0,0
"R32","14a",1,0,0,1,0,0,0,0,0
"R32","14b",0,0,0,0,0,0,0,0,1
"R32","14c",0,0,0,0,0,0,0,0,1
"R32","14d",0,0,0,0,0,0,0,0,1
"R32","14e",0,0,0,0,0,0,0,0,1
"R32","14f",0,0,0,4,0,0,0,0,0
"R32","15a",1,0,0,0,0,0,0,0,0
"R32","15b",0,0,0,0,0,0,0,0,1
"R32","15c",0,0,0,0,0,0,0,0,1
"R32","15d",0,0,0,0,0,0,0,0,1
"R32","15e",0,0,0,0,0,0,0,0,1
"R32","15f",0,0,0,4,0,0,0,0,0
"R32","16a",1,0,0,0,0,0,0,0,0
"R32","16b",0,0,0,0,0,0,0,0,0
"R32","16c",0,1,0,0,0,0,0,0,0
"R32","16d",0,1,0,0,0,0,0,0,0
"R32","16e",0,0,0,0,0,0,0,0,0
"R32","16f",1,0,0,2,0,0,0,0,0
"R32","17a",1,0,0,0,0,0,0,0,0
"R32","17b",0,0,0,0,0,0,0,0,0
"R32","17c",0,1,0,0,0,0,0,0,0
"R32","17d",0,1,0,0,0,0,0,0,0
"R32","17e",0,0,0,0,0,0,0,0,0
"R32","17f",1,0,0,0,0,0,0,0,0
"R32","18a",1,0,0,0,0,0,0,0,0
"R32","18b",0,0,0,0,0,0,0,0,0
"R32","18c",0,0,0,0,0,0,0,0,0
"R32","18d",0,0,0,0,0,0,0,0,0
"R32","18e",0,0,0,0,0,0,0,0,0
"R32","18f",1,0,0,0,0,0,0,0,0
"R32","19a",1,0,0,0,0,0,0,0,0
"R32","19b",0,0,0,0,0,0,0,0,0
"R32","19c",0,1,0,0,0,0,0,0,0
"R32","19d",0,1,0,0,0,0,0,0,0
"R32","19e",0,0,0,0,0,0,0,0,0
"R32","19f",1,0,0,0,0,0,0,0,0
"R32","20a",1,0,0,2,0,0,0,0,0
"R32","20b",0,0,0,0,0,0,0,0,0
"R32","20c",0,1,0,0,0,0,0,0,0
"R32","20d",0,1,0,0,0,0,0,0,0
"R32","20e",0,0,0,0,0,0,0,0,0
"R32","20f",1,0,0,0,0,0,0,0,0
"R32","21a",0,0,0,4,0,0,0,0,0
"R32","21b",0,0,0,0,0,0,0,0,1
"R32","21c",0,0,0,0,0,0,0,0,1
"R32","21d",0,0,0,0,0,0,0,0,1
"R32","21e",0,0,0,0,0,0,0,0,1
"R32","21f",1,0,0,0,0,0,0,0,0
"R32","22a",0,0,0,4,0,0,0,0,0
"R32","22b",0,0,0,0,0,0,0,0,1
"R32","22c",0,0,0,0,0,0,0,0,1
"R32","22d",0,0,0,0,0,0,0,0,1
"R32","22e",0,0,0,0,0,0,0,0,1
"R32","22f",1,0,0,1,0,0,0,0,0
"R32","23a",1,0,0,1,0,0,0,0,0
"R32","23b",0,0,0,0,0,0,0,0,1
"R32","23c",0,0,0,0,0,0,0,0,1
"R32","23d",0,0,0,0,0,0,0,0,1
"R32","23e",0,0,0,0,0,0,0,0,1
"R32","23f",0,0,0,4,0,0,0,0,0
"R32","24a",1,0,0,0,0,0,0,0,0
"R32","24b",0,0,0,0,0,0,0,0,1
"R32","24c",0,1,0,0,0,0,0,0,1
"R32","24d",0,1,0,0,0,0,0,0,1
"R32","24e",0,0,0,0,0,0,0,0,1
"R32","24f",0,0,0,4,0,0,0,0,0
"R32","25a",1,0,0,0,2,0,0,0,0
"R32","25b",0,0,0,0,0,0,0,0,0
"R32","25c",0,1,0,0,0,0,0,0,0
"R32","25d",0,1,0,0,0,0,0,0,0
"R32","25e",0,0,0,0,3,0,0,0,0
"R32","25f",1,0,0,2,1,0,0,0,0
"R32","26a",1,0,0,0,2,0,0,0,0
"R32","26b",0,0,0,0,0,0,0,0,0
"R32","26c",0,0,0,0,0,0,0,0,0
"R32","26d",0,0,0,0,0,0,0,0,0
"R32","26e",0,0,0,0,3,0,0,0,0
"R32","26f",1,0,0,0,1,0,0,0,0
"R32","27a",1,0,0,0,0,0,0,0,0
"R32","27b",0,0,0,0,0,0,0,0,0
"R32","27c",0,1,0,0,0,0,0,0,0
"R32","27d",0,1,0,0,0,0,0,0,0
"R32","27e",0,0,0,0,0,0,0,0,0
"R32","27f",1,0,0,0,0,0,0,0,0
"R32","28a",1,0,0,0,0,0,0,0,0
"R32","28b",0,0,0,0,0,0,0,0,0
"R32","28c",0,1,0,0,0,0,0,0,0
"R32","28d",0,1,0,0,0,0,0,0,0
"R32","28e",0,0,0,0,0,0,0,0,0
"R32","28f",1,0,0,0,0,0,0,0,0
"R32","29a",1,0,0,2,0,0,0,0,0
"R32","29b",0,0,0,0,0,0,0,0,0
"R32","29c",0,0,0,0,0,0,0,0,0
"R32","29d",0,0,0,0,0,0,0,0,0
"R32","29e",0,0,0,0,0,0,0,0,0
"R32","29f",1,0,0,0,0,0,0,0,0
"R32","30a",0,0,0,4,0,0,0,0,0
"R32","30b",0,0,0,0,0,0,0,0,1
"R32","30c",0,1,0,0,0,0,0,0,1
"R32","30d",0,1,0,0,0,0,0,0,1
"R32","30e",0,0,0,0,0,0,0,0,1
"R32","30f",1,0,0,0,0,0,0,0,0
"R32","31a",0,0,0,4,0,0,0,0,0
"R32","31b",0,0,0,0,0,0,0,0,1
"R32","31c",0,1,0,0,0,0,0,0,1
"R32","31d",0,1,0,0,0,0,0,0,1
"R32","31e",0,0,0,0,0,0,0,0,1
"R32","31f",1,0,0,1,0,0,0,0,0
"R32","32a",1,0,0,1,0,0,0,0,0
"R32","32b",0,0,0,0,0,0,0,0,1
"R32","32c",0,0,0,0,0,0,0,0,1
"R32","32d",0,0,0,0,0,0,0,0,1
"R32","32e",0,0,0,0,0,0,0,0,1
"R32","32f",0,0,0,4,0,0,0,0,0
"R32","33a",1,0,2,0,0,0,0,0,0
"R32","33b",0,0,0,0,0,0,0,0,1
"R32","33c",0,0,0,0,0,0,0,0,1
"R32","33d",0,0,0,0,0,0,0,0,1
"R32","33e",0,0,0,0,0,0,0,0,1
"R32","33f",0,0,0,4,0,0,0,0,0
"R32","34c",0,0,0,0,0,0,0,0,0
"R32","34d",0,0,0,0,0,0,0,0,0
"R32","34e",0,0,0,0,0,0,0,0,0
"R32","34f",1,0,0,2,0,0,0,0,0
"R32","35c",0,0,4,0,0,0,0,0,0
"R32","35d",0,0,4,0,0,0,0,0,0
"R32","35e",0,0,4,0,0,0,0,0,0
"R32","35f",1,0,1,0,0,0,0,0,0
"R62","01a",1,0,1,0,0,0,0,0,0
"R62","01b",0,0,4,0,0,0,0,0,0
"R62","01c",0,0,4,0,0,0,0,0,0
"R62","01d",0,0,4,0,0,0,0,0,0
"R62","02a",1,0,0,0,0,0,0,0,0
"R62","02b",0,0,0,0,0,0,0,0,0
"R62","02c",0,0,0,0,0,0,0,0,0
"R62","02d",0,0,0,0,0,0,0,0,0
"R62","03a",1,0,0,0,0,0,0,0,0
"R62","03b",0,0,0,0,0,0,0,0,0
"R62","03c",0,0,0,0,0,0,0,0,0
"R62","03d",0,0,0,0,0,0,0,0,0
"R62","03e",1,0,2,0,0,0,0,0,0
"R62","04a",1,0,0,2,0,0,0,0,0
"R62","04b",0,1,0,0,0,0,0,0,0
"R62","04c",0,0,0,0,0,0,0,0,0
"R62","04d",0,1,0,0,0,0,0,0,0
"R62","04e",1,0,0,1,0,0,0,0,0
"R62","05a",0,1,0,3,0,0,0,0,0
"R62","05b",0,1,0,0,0,0,0,0,1
"R62","05c",0,0,0,0,0,0,0,0,1
"R62","05d",0,1,0,0,0,0,0,0,1
"R62","05e",0,1,0,3,0,0,0,0,0
"R62","06a",0,1,0,3,0,0,0,0,0
"R62","06b",0,1,0,0,0,0,0,0,1
"R62","06c",0,0,0,0,0,0,0,0,1
"R62","06d",0,1,0,0,0,0,0,0,1
"R62","06e",0,1,0,3,0,0,0,0,0
"R62","07a",1,0,0,1,2,0,0,0,0
"R62","07b",0,1,0,0,0,0,0,0,0
"R62","07c",0,0,0,0,0,0,0,0,0
"R62","07d",0,1,0,0,3,0,0,0,0
"R62","07e",1,0,0,2,1,0,0,0,0
"R62","08a",1,0,0,0,2,0,0,0,0
"R62","08b",0,1,0,0,0,0,0,0,0
"R62","08c",0,1,0,0,0,0,0,0,0
"R62","08d",0,1,0,0,3,0,0,0,0
"R62","08e",1,0,0,0,1,0,0,0,0
"R62","09a",1,0,0,0,0,0,0,0,0
"R62","09b",0,1,0,0,0,0,0,0,0
"R62","09c",0,1,0,0,0,0,0,0,0
"R62","09d",0,1,0,0,0,0,0,0,0
"R62","09e",1,0,0,0,0,0,0,0,0
"R62","10a",1,0,0,0,0,0,0,0,0
"R62","10b",0,0,0,0,0,0,0,0,0
"R62","10c",0,0,0,0,0,0,0,0,0
"R62","10d",0,0,0,0,0,0,0,0,0
"R62","10e",1,0,0,0,0,0,0,0,0
"R62","11a",1,0,0,0,0,0,0,0,0
"R62","11b",0,0,0,0,0,0,0,0,0
"R62","11c",0,0,0,0,0,0,0,0,0
"R62","11d",0,0,0,0,0,0,0,0,0
"R62","11e",1,0,0,0,0,0,0,0,0
"R62","12a",1,0,0,0,0,0,0,0,0
"R62","12b",0,1,0,0,0,0,0,0,0
"R62","12c",0,1,0,0,0,0,0,0,0
"R62","12d",0,1,0,0,0,0,0,0,0
"R62","12e",1,0,0,0,0,0,0,0,0
"R62","13a",1,0,0,0,0,0,0,0,0
"R62","13b",0,1,0,0,0,0,0,0,0
"R62","13c",0,1,0,0,0,0,0,0,0
"R62","13d",0,1,0,0,0,0,0,0,0
"R62","13e",1,0,0,0,0,0,0,0,0
"R62","14a",1,0,0,2,0,0,0,0,0
"R62","14b",0,1,0,0,0,0,0,0,0
"R62","14c",0,0,0,0,0,0,0,0,0
"R62","14d",0,1,0,0,0,0,0,0,0
"R62","14e",1,0,0,1,0,0,0,0,0
"R62","15a",0,1,0,3,0,0,0,0,0
"R62","15b",0,1,0,0,0,0,0,0,1
"R62","15c",0,0,0,0,0,0,0,0,1
"R62","15d",0,1,0,0,0,0,0,0,1
"R62","15e",0,1,0,3,0,0,0,0,0
"R62","16a",0,1,0,3,0,0,0,0,0
"R62","16b",0,1,0,0,0,0,0,0,1
"R62","16c",0,0,0,0,0,0,0,0,1
"R62","16d",0,1,0,0,0,0,0,0,1
"R62","16e",0,1,0,3,0,0,0,0,0
"R62","17a",1,0,0,1,0,0,0,0,0
"R62","17b",0,1,0,0,0,0,0,0,0
"R62","17c",0,0,0,0,0,0,0,0,0
"R62","17d",0,1,0,0,0,0,0,0,0
"R62","17e",1,0,0,2,0,0,0,0,0
"R62","18a",1,0,0,0,0,0,0,0,0
"R62","18b",0,1,0,0,0,0,0,0,0
"R62","18c",0,1,0,0,0,0,0,0,0
"R62","18d",0,1,0,0,0,0,0,0,0
"R62","18e",1,0,0,0,0,0,0,0,0
"R62","19a",1,0,0,0,0,0,0,0,0
"R62","19b",0,1,0,0,0,0,0,0,0
"R62","19c",0,1,0,0,0,0,0,0,0
"R62","19d",0,1,0,0,0,0,0,0,0
"R62","19e",1,0,0,0,0,0,0,0,0
"R62","20a",1,0,0,0,0,0,0,0,0
"R62","20b",0,0,0,0,0,0,0,0,0
"R62","20c",0,0,0,0,0,0,0,0,0
"R62","20d",0,0,0,0,0,0,0,0,0
"R62","20e",1,0,0,0,0,0,0,0,0
"R62","21a",1,0,0,0,0,0,0,0,0
"R62","21b",0,0,0,0,0,0,0,0,0
"R62","21c",0,0,0,0,0,0,0,0,0
"R62","21d",0,0,0,0,0,0,0,0,0
"R62","21e",1,0,0,0,0,0,0,0,0
"R62","22a",1,0,0,0,0,0,0,0,0
"R62","22b",0,1,0,0,0,0,0,0,0
"R62","22c",0,1,0,0,0,0,0,0,0
"R62","22d",0,1,0,0,0,0,0,0,0
"R62","22e",1,0,0,0,0,0,0,0,0
"R62","23a",1,0,0,0,1,0,0,0,0
"R62","23b",0,1,0,0,3,0,0,0,0
"R62","23c",0,1,0,0,0,0,0,0,0
"R62","23d",0,1,0,0,0,0,0,0,0
"R62","23e",1,0,0,0,2,0,0,0,0
"R62","24a",1,0,0,2,1,0,0,0,0
"R62","24b",0,1,0,0,3,0,0,0,0
"R62","24c",0,0,0,0,0,0,0,0,0
"R62","24d",0,1,0,0,0,0,0,0,0
"R62","24e",1,0,0,1,2,0,0,0,0
"R62","25a",0,1,0,3,0,0,0,0,0
"R62","25b",0,1,0,0,0,0,0,0,1
"R62","25c",0,0,0,0,0,0,0,0,1
"R62","25d",0,1,0,0,0,0,0,0,1
"R62","25e",0,1,0,3,0,0,0,0,0
"R62","26a",0,1,0,3,0,0,0,0,0
"R62","26b",0,1,0,0,0,0,0,0,1
"R62","26c",0,0,0,0,0,0,0,0,1
"R62","26d",0,1,0,0,0,0,0,0,1
"R62","26e",0,1,0,3,0,0,0,0,0
"R62","27a",1,0,0,1,0,0,0,0,0
"R62","27b",0,1,0,0,0,0,0,0,0
"R62","27c",0,0,0,0,0,0,0,0,0
"R62","27d",0,1,0,0,0,0,0,0,0
"R62","27e",1,0,0,2,0,0,0,0,0
"R62","28a",1,0,2,0,0,0,0,0,0
"R62","28b",0,0,0,0,0,0,0,0,0
"R62","28c",0,0,0,0,0,0,0,0,0
"R62","28d",0,0,0,0,0,0,0,0,0
"R62","28e",1,0,0,0,0,0,0,0,0
"R62","29b",0,0,0,0,0,0,0,0,0
"R62","29c",0,0,0,0,0,0,0,0,0
"R62","29d",0,0,0,0,0,0,0,0,0
"R62","29e",1,0,0,0,0,0,0,0,0
"R62","30b",0,0,4,0,0,0,0,0,0
"R62","30c",0,0,4,0,0,0,0,0,0
"R62","30d",0,0,4,0,0,0,0,0,0
"R62","30e",1,0,1,0,0,0,0,0,0
"R68","01a",1,0,1,0,0,0,0,0,0
"R68","01b",0,0,4,0,0,0,0,0,0
"R68","01c",0,0,4,0,0,0,0,0,0
"R68","01d",0,0,4,0,0,0,0,0,0
"R68","01e",0,0,4,0,0,0,0,0,0
"R68","01f",1,0,2,0,0,0,0,0,0
"R68","02a",1,0,0,2,0,0,0,0,0
"R68","02b",0,1,0,0,0,0,0,0,0
"R68","02c",0,1,0,0,0,0,0,0,0
"R68","02d",0,1,0,0,0,0,0,0,0
"R68","02e",0,1,0,0,0,0,0,0,0
"R68","02f",1,0,0,1,0,0,0,0,0
"R68","03a",0,1,0,3,0,0,0,0,0
"R68","03b",0,1,0,0,0,0,0,0,1
"R68","03c",0,1,0,0,0,0,0,0,1
"R68","03d",0,1,0,0,0,0,0,0,1
"R68","03e",0,1,0,0,0,0,0,0,1
"R68","03f",0,1,0,3,0,0,0,0,0
"R68","04a",0,1,0,3,0,0,0,0,0
"R68","04b",0,1,0,0,0,0,0,0,1
"R68","04c",0,0,0,0,0,0,0,0,1
"R68","04d",0,0,0,0,0,0,0,0,1
"R68","04e",0,1,0,0,0,0,0,0,1
"R68","04f",0,1,0,3,0,0,0,0,0
"R68","05a",1,0,0,1,1,0,0,0,0
"R68","05b",0,1,0,0,3,0,0,0,0
"R68","05c",0,0,0,0,0,0,0,0,0
"R68","05d",0,0,0,0,0,0,0,0,0
"R68","05e",0,1,0,0,0,0,0,0,0
"R68","05f",1,0,0,2,2,0,0,0,0
"R68","06a",1,0,0,0,1,0,0,0,0
"R68","06b",0,0,0,0,3,0,0,0,0
"R68","06c",0,1,0,0,0,0,0,0,0
"R68","06d",0,1,0,0,0,0,0,0,0
"R68","06e",0,0,0,0,0,0,0,0,0
"R68","06f",1,0,0,0,2,0,0,0,0
"R68","07a",1,0,0,0,1,2,0,0,0
"R68","07b",0,0,0,0,3,0,0,0,0
"R68","07c",0,0,0,0,0,0,0,0,0
"R68","07d",0,0,0,0,0,0,0,0,0
"R68","07e",0,0,0,0,0,0,0,0,0
"R68","07f",1,0,0,0,2,1,0,0,0
"R68","08a",1,0,0,0,0,0,1,0,0
"R68","08b",1,0,0,0,0,0,2,0,0
"R68","08c",0,0,0,0,0,0,0,0,0
"R68","08d",0,0,0,0,0,0,0,0,0
"R68","08e",1,0,0,0,0,0,3,0,0
"R68","08f",1,0,0,0,0,0,4,0,0
"R68","09c",0,1,0,0,0,0,0,0,0
"R68","09d",0,1,0,0,0,0,0,0,0
"R68","10a",1,0,0,0,0,0,4,0,0
"R68","10b",1,0,0,0,0,0,3,0,0
"R68","10c",0,0,0,0,0,0,0,0,0
"R68","10d",0,0,0,0,0,0,0,0,0
"R68","10e",1,0,0,0,0,0,2,0,0
"R68","10f",1,0,0,0,0,0,1,0,0
"R68","11a",1,0,0,0,0,1,0,0,0
"R68","11b",0,0,0,0,0,0,0,0,0
"R68","11c",0,0,0,0,0,0,0,0,0
"R68","11d",0,0,0,0,0,0,0,0,0
"R68","11e",0,0,0,0,0,0,0,0,0
"R68","11f",1,0,0,0,0,2,0,0,0
"R68","12a",1,0,0,0,0,0,0,0,0
"R68","12b",0,0,0,0,0,0,0,0,0
"R68","12c",0,1,0,0,0,0,0,0,0
"R68","12d",0,1,0,0,0,0,0,0,0
"R68","12e",0,0,0,0,0,0,0,0,0
"R68","12f",1,0,0,0,0,0,0,0,0
"R68","13a",1,0,0,2,0,0,0,0,0
"R68","13b",0,1,0,0,0,0,0,0,0
"R68","13c",0,0,0,0,0,0,0,0,0
"R68","13d",0,0,0,0,0,0,0,0,0
"R68","13e",0,1,0,0,0,0,0,0,0
"R68","13f",1,0,0,1,0,0,0,0,0
"R68","14a",0,1,0,3,0,0,0,0,0
"R68","14b",0,1,0,0,0,0,0,0,1
"R68","14c",0,0,0,0,0,0,0,0,1
"R68","14d",0,0,0,0,0,0,0,0,1
"R68","14e",0,1,0,0,0,0,0,0,1
"R68","14f",0,1,0,3,0,0,0,0,0
"R68","15a",0,1,0,3,0,0,0,0,0
"R68","15b",0,1,0,0,0,0,0,0,1
"R68","15c",0,0,0,0,0,0,0,0,1
"R68","15d",0,0,0,0,0,0,0,0,1
"R68","15e",0,1,0,0,0,0,0,0,1
"R68","15f",0,1,0,3,0,0,0,0,0
"R68","16a",1,0,0,1,0,0,0,0,0
"R68","16b",0,1,0,0,0,0,0,0,0
"R68","16c",0,0,0,0,0,0,0,0,0
"R68","16d",0,0,0,0,0,0,0,0,0
"R68","16e",0,1,0,0,0,0,0,0,0
"R68","16f",1,0,0,2,0,0,0,0,0
"R68","17a",1,0,0,0,0,0,0,0,0
"R68","17b",0,0,0,0,0,0,0,0,0
"R68","17c",0,1,0,0,0,0,0,0,0
"R68","17d",0,1,0,0,0,0,0,0,0
"R68","17e",0,0,0,0,0,0,0,0,0
"R68","17f",1,0,0,0,0,0,0,0,0
"R68","18a",1,0,0,0,0,2,0,0,0
"R68","18b",0,0,0,0,0,0,0,0,0
"R68","18c",0,0,0,0,0,0,0,0,0
"R68","18d",0,0,0,0,0,0,0,0,0
"R68","18e",0,0,0,0,0,0,0,0,0
"R68","18f",1,0,0,0,0,1,0,0,0
"R68","19a",1,0,0,0,0,0,1,0,0
"R68","19b",1,0,0,0,0,0,2,0,0
"R68","19c",0,0,0,0,0,0,0,0,0
"R68","19d",0,0,0,0,0,0,0,0,0
"R68","19e",1,0,0,0,0,0,3,0,0
"R68","19f",1,0,0,0,0,0,4,0,0
"R68","20c",0,1,0,0,0,0,0,0,0
"R68","20d",0,1,0,0,0,0,0,0,0
"R68","21a",1,0,0,0,0,0,4,0,0
"R68","21b",1,0,0,0,0,0,3,0,0
"R68","21c",0,0,0,0,0,0,0,0,0
"R68","21d",0,0,0,0,0,0,0,0,0
"R68","21e",1,0,0,0,0,0,2,0,0
"R68","21f",1,0,0,0,0,0,1,0,0
"R68","22a",1,0,0,0,0,1,0,0,0
"R68","22b",0,0,0,0,0,0,0,0,0
"R68","22c",0,0,0,0,0,0,0,0,0
"R68","22d",0,0,0,0,0,0,0,0,0
"R68","22e",0,0,0,0,0,0,0,0,0
"R68","22f",1,0,0,0,0,2,0,0,0
"R68","23a",1,0,0,0,0,0,0,0,0
"R68","23b",0,0,0,0,0,0,0,0,0
"R68","23c",0,1,0,0,0,0,0,0,0
"R68","23d",0,1,0,0,0,0,0,0,0
"R68","23e",0,0,0,0,0,0,0,0,0
"R68","23f",1,0,0,0,0,0,0,0,0
"R68","24a",1,0,0,2,0,0,0,0,0
"R68","24b",0,1,0,0,0,0,0,0,0
"R68","24c",0,0,0,0,0,0,0,0,0
"R68","24d",0,0,0,0,0,0,0,0,0
"R68","24e",0,1,0,0,0,0,0,0,0
"R68","24f",1,0,0,1,0,0,0,0,0
"R68","25a",0,1,0,3,0,0,0,0,0
"R68","25b",0,1,0,0,0,0,0,0,1
"R68","25c",0,0,0,0,0,0,0,0,1
"R68","25d",0,0,0,0,0,0,0,0,1
"R68","25e",0,1,0,0,0,0,0,0,1
"R68","25f",0,1,0,3,0,0,0,0,0
"R68","26a",0,1,0,3,0,0,0,0,0
"R68","26b",0,1,0,0,0,0,0,0,1
"R68","26c",0,0,0,0,0,0,0,0,1
"R68","26d",0,0,0,0,0,0,0,0,1
"R68","26e",0,1,0,0,0,0,0,0,1
"R68","26f",0,1,0,3,0,0,0,0,0
"R68","27a",1,0,0,1,0,0,0,0,0
"R68","27b",0,1,0,0,0,0,0,0,0
"R68","27c",0,0,0,0,0,0,0,0,0
"R68","27d",0,0,0,0,0,0,0,0,0
"R68","27e",0,1,0,0,0,0,0,0,0
"R68","27f",1,0,0,2,0,0,0,0,0
"R68","28a",1,0,0,0,0,0,0,0,0
"R68","28b",0,0,0,0,0,0,0,0,0
"R68","28c",0,1,0,0,0,0,0,0,0
"R68","28d",0,1,0,0,0,0,0,0,0
"R68","28e",0,0,0,0,0,0,0,0,0
"R68","28f",1,0,0,0,0,0,0,0,0
"R68","29a",1,0,0,0,0,2,0,0,0
"R68","29b",0,0,0,0,0,0,0,0,0
"R68","29c",0,0,0,0,0,0,0,0,0
"R68","29d",0,0,0,0,0,0,0,0,0
"R68","29e",0,0,0,0,0,0,0,0,0
"R68","29f",1,0,0,0,0,1,0,0,0
"R68","30a",1,0,0,0,0,0,1,0,0
"R68","30b",1,0,0,0,0,0,2,0,0
"R68","30c",0,0,0,0,0,0,0,0,0
"R68","30d",0,0,0,0,0,0,0,0,0
"R68","30e",1,0,0,0,0,0,3,0,0
"R68","30f",1,0,0,0,0,0,4,0,0
"R68","31c",0,1,0,0,0,0,0,0,0
"R68","31d",0,1,0,0,0,0,0,0,0
"R68","32a",1,0,0,0,0,0,4,0,0
"R68","32b",1,0,0,0,0,0,3,0,0
"R68","32c",0,0,0,0,0,0,0,0,0
"R68","32d",0,0,0,0,0,0,0,0,0
"R68","32e",1,0,0,0,0,0,2,0,0
"R68","32f",1,0,0,0,0,0,1,0,0
"R68","33a",1,0,0,0,2,1,0,0,0
"R68","33b",0,0,0,0,0,0,0,0,0
"R68","33c",0,0,0,0,0,0,0,0,0
"R68","33d",0,0,0,0,0,0,0,0,0
"R68","33e",0,0,0,0,3,0,0,0,0
"R68","33f",1,0,0,0,1,2,0,0,0
"R68","34a",1,0,0,0,2,0,0,0,0
"R68","34b",0,0,0,0,0,0,0,0,0
"R68","34c",0,1,0,0,0,0,0,0,0
"R68","34d",0,1,0,0,0,0,0,0,0
"R68","34e",0,0,0,0,3,0,0,0,0
"R68","34f",1,0,0,0,1,0,0,0,0
"R68","35a",1,0,0,2,2,0,0,0,0
"R68","35b",0,1,0,0,0,0,0,0,0
"R68","35c",0,0,0,0,0,0,0,0,0
"R68","35d",0,0,0,0,0,0,0,0,0
"R68","35e",0,1,0,0,3,0,0,0,0
"R68","35f",1,0,0,1,1,0,0,0,0
"R68","36a",0,1,0,3,0,0,0,0,0
"R68","36b",0,1,0,0,0,0,0,0,1
"R68","36c",0,0,0,0,0,0,0,0,1
"R68","36d",0,0,0,0,0,0,0,0,1
"R68","36e",0,1,0,0,0,0,0,0,1
"R68","36f",0,1,0,3,0,0,0,0,0
"R68","37a",0,1,0,3,0,0,0,0,0
"R68","37b",0,1,0,0,0,0,0,0,1
"R68","37c",0,0,0,0,0,0,0,0,1
"R68","37d",0,0,0,0,0,0,0,0,1
"R68","37e",0,1,0,0,0,0,0,0,1
"R68","37f",0,1,0,3,0,0,0,0,0
"R68","38a",1,0,0,1,0,0,0,0,0
"R68","38b",0,1,0,0,0,0,0,0,0
"R68","38c",0,1,0,0,0,0,0,0,0
"R68","38d",0,1,0,0,0,0,0,0,0
"R68","38e",0,1,0,0,0,0,0,0,0
"R68","38f",1,0,0,2,0,0,0,0,0
"R68","39a",1,0,2,0,0,0,0,0,0
"R68","39b",0,0,0,0,0,0,0,0,0
"R68","39c",0,0,0,0,0,0,0,0,0
"R68","39d",0,0,0,0,0,0,0,0,0
"R68","39e",0,0,0,0,0,0,0,0,0
"R68","39f",1,0,0,0,0,1,0,0,0
"R68","40c",0,0,0,0,0,0,0,0,0
"R68","40d",0,0,0,0,0,0,0,0,0
"R68","41c",0,0,4,0,0,0,0,0,0
"R68","41d",0,0,4,0,0,0,0,0,0
"R68","41e",1,0,3,0,0,0,3,0,0
"R68","41f",1,0,3,0,0,0,4,0,0
