"Record_ID","Form_ID","Gender","Space","Large_Psgr","Legs_on_Seat","Bag"
63,1,"F","01a",0,0,0
64,1,"M","03f",0,0,0
65,1,"M","04f",0,0,0
66,1,"F","07a",0,0,0
67,1,"F","08a",0,0,0
70,1,"M","08f",0,0,0
71,1,"F","09f",0,0,0
68,1,"F","10a",0,0,0
69,1,"F","11a",0,0,0
72,1,"M","11f",0,0,0
73,1,"M","12f",0,0,0
74,1,"M","13f",0,0,0
75,1,"F","14a",0,0,0
76,1,"F","16f",0,0,0
77,1,"M","17f",0,0,0
83,1,"F","18a",0,0,0
84,1,"F","19a",0,0,0
78,1,"M","19f",0,0,0
85,1,"M","20a",0,0,0
79,1,"F","20f",0,0,0
80,1,"F","21f",0,0,0
81,1,"F","22f",0,0,0
86,1,"M","23a",0,0,0
82,1,"F","23f",0,0,0
87,1,"F","24a",0,0,0
88,1,"M","25a",0,0,0
93,1,"M","25f",0,0,0
89,1,"M","26a",0,0,0
94,1,"M","26f",0,0,0
90,1,"F","27a",0,0,0
95,1,"M","27f",0,0,0
91,1,"F","28a",0,0,0
96,1,"F","28f",0,0,0
92,1,"F","29a",0,0,0
97,1,"M","29f",0,0,0
99,1,"M","30a",0,0,0
98,1,"M","31f",0,0,0
100,2,"M","02a",0,0,0
101,2,"M","02f",0,0,0
102,2,"M","05a",0,0,0
103,2,"M","05f",0,0,0
104,2,"F","08a",0,0,0
106,2,"F","08f",0,0,0
105,2,"M","10a",0,0,0
107,2,"M","11f",0,0,0
108,2,"F","13a",0,0,0
109,2,"F","13f",0,0,0
110,2,"M","16f",0,0,0
111,2,"F","21a",0,0,0
112,2,"F","21f",0,0,0
113,2,"F","24a",0,0,0
114,2,"M","24f",0,0,0
115,2,"F","27a",0,0,0
116,2,"M","27f",0,0,0
117,2,"F","30a",0,0,0
118,2,"F","30f",0,0,0
119,2,"M","32a",0,0,0
120,2,"F","32e",0,0,0
121,2,"F","33a",0,0,0
122,2,"F","34f",0,0,0
123,2,"F","35a",0,0,0
124,2,"F","35f",0,0,0
125,2,"M","38a",0,0,0
126,2,"M","38f",0,0,0
127,3,"G","01a",0,0,0
128,3,"M","01f",0,0,0
129,3,"F","02a",0,0,0
130,3,"F","03a",0,0,0
131,3,"M","04f",0,0,0
132,3,"M","05a",0,0,0
133,3,"M","07a",0,0,0
134,3,"F","07f",0,0,0
135,3,"M","08b",0,0,0
136,3,"F","08e",0,0,0
137,3,"F","08f",0,0,0
138,3,"M","10a",0,0,0
139,3,"F","10f",0,0,0
140,3,"F","11a",0,0,0
141,3,"M","11f",0,0,0
142,3,"F","12a",0,0,0
143,3,"F","12f",0,0,0
144,3,"M","13a",0,0,0
145,3,"M","13f",0,0,0
146,3,"F","14a",0,0,0
147,3,"F","14f",0,0,0
148,3,"F","15a",0,0,0
149,3,"M","16a",0,0,0
150,3,"M","16f",0,0,0
151,3,"M","18a",0,0,0
152,3,"F","18f",0,0,0
153,3,"F","19a",0,0,0
154,3,"F","19b",0,0,0
155,3,"F","19f",0,0,0
156,3,"F","21a",0,0,0
157,3,"F","21b",0,0,0
158,3,"M","21f",0,0,0
159,3,"F","22a",0,0,0
160,3,"M","22f",0,0,0
161,3,"F","24a",0,0,0
162,3,"M","24f",0,0,0
163,3,"M","25f",0,0,0
164,3,"F","26a",0,0,0
165,3,"F","26b",0,0,0
166,3,"M","26f",0,0,0
167,3,"M","27a",0,0,0
168,3,"M","27f",0,0,0
169,3,"F","29f",0,0,0
170,3,"F","30b",0,0,0
171,3,"M","30e",0,0,0
172,3,"F","30f",0,0,0
173,3,"F","32a",0,0,0
174,3,"M","32b",0,0,0
175,3,"M","32e",0,0,0
176,3,"F","32f",0,0,0
177,3,"F","33a",0,0,0
178,3,"F","33f",0,0,0
179,3,"F","35a",0,0,0
180,3,"M","35f",0,0,0
181,3,"M","37a",0,0,0
182,3,"F","37d",0,0,0
183,3,"M","39a",0,0,0
184,3,"M","39f",0,0,0
185,3,"M","41f",0,0,0
186,4,"1","01a",0,0,0
188,4,"M","01f",0,0,1
187,4,"F","02a",1,0,0
189,4,"4","02f",0,0,0
190,4,"M","05a",0,0,0
191,4,"M","05f",0,0,0
192,4,"F","08f",0,0,0
193,4,"F","10a",0,0,0
194,4,"M","10b",0,0,0
195,4,"F","10f",0,0,0
196,4,"F","11f",0,0,0
197,4,"M","13a",0,0,0
198,4,"F","16a",0,0,0
199,4,"F","16f",0,0,0
200,4,"M","18a",0,0,0
201,4,"M","18f",0,0,0
202,4,"M","19a",0,0,0
203,4,"F","19f",0,0,0
204,4,"1","21a",0,0,0
205,4,"M","21b",1,0,0
206,4,"F","21e",0,0,0
207,4,"F","21f",0,0,0
208,4,"M","22a",0,0,0
209,4,"F","22f",0,0,0
210,4,"M","24a",0,0,0
211,4,"F","24f",0,0,0
212,4,"F","27a",0,0,0
213,4,"F","27f",0,0,0
214,4,"M","29a",0,0,0
215,4,"M","30a",0,0,0
216,4,"F","30b",0,0,0
217,4,"F","30e",0,0,0
218,4,"F","32a",0,0,0
219,4,"F","32e",0,0,0
220,4,"F","32f",0,0,0
221,4,"F","33a",0,0,0
222,4,"F","35a",0,0,0
223,4,"M","35f",0,0,0
224,4,"M","38a",0,0,0
225,4,"F","38f",0,0,0
226,4,"M","39a",0,0,0
227,4,"F","41e",0,0,0
228,4,"M","41f",0,0,0
229,6,"F","01a",0,0,0
230,6,"F","01f",0,0,0
231,6,"M","02a",0,0,0
232,6,"M","03c",0,0,0
233,6,"F","05a",0,0,0
234,6,"M","05f",0,0,0
235,6,"F","08a",0,0,0
236,6,"F","10a",0,0,0
237,6,"F","13a",0,0,0
238,6,"M","13f",0,0,0
239,6,"M","16a",0,0,0
240,6,"M","16f",0,0,0
241,6,"M","19a",0,0,0
242,6,"M","19e",0,0,0
243,6,"F","19f",0,0,0
244,6,"M","21a",0,0,0
245,6,"M","21e",0,0,0
246,6,"F","21f",0,0,0
247,6,"F","23f",0,0,0
248,6,"F","24a",0,0,0
249,6,"F","27f",0,0,0
250,6,"M","29a",0,0,0
251,6,"M","30a",0,0,0
252,6,"M","30b",0,0,0
253,6,"F","32f",0,0,0
254,6,"F","33a",0,0,0
255,6,"F","33f",0,0,0
256,6,"M","38a",0,0,0
257,6,"M","38f",0,0,0
258,7,"F","02a",0,0,0
259,7,"M","08a",0,0,0
260,7,"F","08f",0,0,0
261,7,"M","10a",0,0,0
262,7,"M","10f",0,0,0
263,7,"F","12a",0,0,0
264,7,"M","16f",0,0,0
265,7,"F","19a",0,0,0
266,7,"M","21f",0,0,0
267,7,"M","24f",0,0,0
268,7,"M","27f",0,0,0
269,7,"M","30a",0,0,0
270,7,"F","30f",0,0,0
271,7,"M","32e",0,0,0
272,7,"M","35a",0,0,0
273,7,"M","38a",0,0,0
274,7,"F","38f",0,0,0
275,8,"F","01a",0,0,0
276,8,"M","02f",0,0,0
277,8,"M","05a",0,0,0
278,8,"F","05f",0,0,0
279,8,"F","07a",0,0,0
280,8,"F","08f",0,0,0
281,8,"4","10a",0,0,0
282,8,"M","10b",0,0,1
283,8,"4","10e",0,0,0
284,8,"M","10f",0,0,1
285,8,"M","13a",0,0,0
286,8,"F","13f",0,0,0
287,8,"F","16a",0,0,0
288,8,"F","16f",0,0,0
289,8,"F","17f",0,0,0
290,8,"M","18a",0,0,0
291,8,"F","19f",0,0,0
292,8,"F","21a",0,0,0
293,8,"M","21f",0,0,0
294,8,"F","22f",0,0,0
295,8,"F","24a",0,0,0
296,8,"M","24f",0,0,0
297,8,"F","27a",0,0,0
298,8,"F","27f",0,0,0
299,8,"M","29f",0,0,0
300,8,"F","30a",0,0,0
301,8,"M","30f",0,0,0
302,8,"F","32f",0,0,0
303,8,"F","33a",0,0,0
304,8,"M","35a",0,0,0
305,8,"M","35f",0,0,0
306,8,"M","38a",0,0,0
307,8,"M","38f",0,0,0
308,8,"F","39a",0,0,0
309,8,"M","41f",0,0,0
310,9,"F","01a",0,0,0
311,9,"M","01f",0,0,0
312,9,"M","02a",0,0,0
313,9,"M","02f",0,0,0
314,9,"F","03a",0,0,0
315,9,"F","03b",0,0,0
316,9,"M","03d",0,0,0
317,9,"F","03f",0,0,0
319,9,"M","04b",0,0,0
318,9,"M","04f",0,0,0
320,9,"F","05a",0,0,0
321,9,"M","06d",0,0,0
322,9,"M","07a",0,0,0
323,9,"F","08a",0,0,0
324,9,"M","08b",0,0,0
325,9,"M","10a",0,0,0
326,9,"M","10b",0,0,0
327,9,"F","10e",0,0,0
328,9,"F","10f",0,0,0
329,9,"M","11a",0,0,0
330,9,"M","11f",0,0,0
332,9,"M","13a",0,0,0
331,9,"F","13c",0,0,0
333,9,"M","13f",0,0,0
334,9,"M","14a",0,0,0
335,9,"M","14f",0,0,0
336,9,"M","15a",0,0,0
337,9,"F","15f",0,0,0
338,9,"F","16a",0,0,0
339,9,"F","17a",0,0,0
340,9,"F","18a",0,0,0
341,9,"M","18b",0,0,0
342,9,"M","19a",0,0,0
343,9,"M","19b",0,0,0
344,9,"M","19e",0,0,0
345,9,"M","19f",0,0,0
346,9,"M","21a",0,0,0
347,9,"F","21b",0,0,0
348,9,"F","21e",0,0,0
349,9,"M","21f",0,0,0
350,9,"F","22a",0,0,0
351,9,"M","22d",0,0,0
352,9,"M","22f",0,0,0
353,9,"F","24a",0,0,0
354,9,"M","24e",0,0,0
355,9,"M","24f",0,0,0
356,9,"F","25a",0,0,0
357,9,"M","25e",0,0,0
358,9,"M","25f",0,0,0
359,9,"M","26a",0,0,0
360,9,"M","26f",0,0,0
361,9,"M","27a",0,0,0
362,9,"F","27f",0,0,0
363,9,"M","29a",0,0,0
364,9,"M","29b",0,0,0
365,9,"F","30b",0,0,0
366,9,"F","30c",0,0,0
367,9,"M","30e",0,0,0
368,9,"M","30f",0,0,0
369,9,"F","32a",0,0,0
370,9,"F","32b",0,0,0
371,9,"M","32e",0,0,0
372,9,"F","32f",0,0,0
373,9,"F","33a",0,0,0
374,9,"M","33d",0,0,0
375,9,"F","33f",0,0,0
376,9,"F","34a",0,0,0
377,9,"F","35a",0,0,0
378,9,"M","35f",0,0,0
380,9,"F","36a",0,0,0
379,9,"M","36e",0,0,0
381,9,"F","37a",0,0,0
382,9,"M","37e",0,0,0
383,9,"F","38a",0,0,0
384,9,"F","39a",0,0,0
385,9,"F","40e",0,0,0
386,9,"4","41e",0,0,0
387,9,"M","41f",0,0,0
388,10,"M","01a",0,0,0
389,10,"F","01f",0,0,0
390,10,"M","02a",0,0,0
392,10,"M","02b",0,0,0
391,10,"F","02f",0,0,0
393,10,"M","04f",0,0,0
394,10,"M","05a",0,0,0
395,10,"F","05c",0,0,0
396,10,"F","05f",0,0,0
397,10,"F","06f",0,0,0
398,10,"M","07a",0,0,0
399,10,"F","07f",0,0,0
400,10,"F","08a",0,0,0
401,10,"M","08b",0,0,0
402,10,"F","08e",0,0,0
403,10,"M","08f",0,0,0
404,10,"M","10a",0,0,0
405,10,"M","10b",0,0,0
406,10,"F","10f",0,0,0
407,10,"F","11a",0,0,0
408,10,"F","11f",0,0,0
409,10,"M","12f",0,0,0
410,10,"M","13a",0,0,0
411,10,"F","13f",0,0,0
412,10,"M","14a",0,0,0
413,10,"M","15a",0,0,0
414,10,"M","15f",0,0,0
415,10,"M","16a",0,0,0
416,10,"F","16c",0,0,0
417,10,"F","16f",0,0,0
418,10,"M","17f",0,0,0
419,10,"M","18a",0,0,0
420,10,"M","18f",0,0,0
421,10,"F","19a",0,0,0
422,10,"F","19b",0,0,0
423,10,"M","19e",0,0,0
424,10,"M","19f",0,0,0
425,10,"M","21b",0,0,0
426,10,"F","21e",0,0,0
427,10,"F","21f",0,0,0
428,10,"F","22a",0,0,0
429,10,"M","22f",0,0,0
430,10,"F","23a",0,0,0
434,10,"M","23c",0,0,0
431,10,"M","23f",0,0,0
432,10,"F","24a",0,0,0
433,10,"F","24f",0,0,0
435,10,"M","25a",0,0,0
436,10,"M","25b",0,0,0
437,10,"M","25e",0,0,0
438,10,"M","25f",0,0,0
439,10,"M","26a",0,0,0
440,10,"M","27a",0,0,0
441,10,"F","27f",0,0,0
442,10,"M","28a",0,0,0
443,10,"F","28f",0,0,0
444,10,"M","29a",0,0,0
445,10,"M","29f",0,0,0
446,10,"M","30a",0,0,0
447,10,"F","30b",0,0,0
448,10,"F","30e",0,0,0
449,10,"F","30f",0,0,0
450,10,"F","32a",0,0,0
451,10,"F","32b",0,0,0
452,10,"F","32e",0,0,0
453,10,"F","32f",0,0,0
454,10,"F","33a",0,0,0
455,10,"F","33f",0,0,0
456,10,"F","34a",0,0,0
457,10,"M","34f",0,0,0
458,10,"F","35a",0,0,0
459,10,"M","35f",0,0,0
460,10,"M","36a",0,0,0
461,10,"M","37c",0,0,0
462,10,"M","37f",0,0,0
463,10,"F","38a",0,0,0
464,10,"M","38f",0,0,0
465,10,"F","39a",0,0,0
466,10,"F","39f",0,0,0
467,10,"F","41e",0,0,0
468,10,"F","41f",0,0,0
469,11,"F","01a",0,0,0
470,11,"F","01f",0,0,0
471,11,"F","02a",0,0,0
472,11,"F","02f",0,0,0
473,11,"F","03a",0,0,0
474,11,"M","03d",0,0,0
475,11,"F","03f",0,0,0
476,11,"F","04a",0,0,0
477,11,"F","05a",0,0,0
478,11,"M","05f",0,0,0
479,11,"F","06a",0,0,0
480,11,"F","06c",0,0,0
481,11,"F","06f",0,0,0
482,11,"F","07a",0,0,0
483,11,"M","07e",0,0,0
484,11,"F","07f",0,0,0
485,11,"F","08a",0,0,0
486,11,"F","08b",0,0,0
487,11,"F","08e",0,0,0
488,11,"M","08f",0,0,0
489,11,"F","10a",0,0,0
490,11,"F","10b",0,0,0
491,11,"F","10e",0,0,0
492,11,"F","10f",0,0,0
493,11,"F","11a",0,0,0
494,11,"M","11f",0,0,0
495,11,"M","12a",0,0,0
496,11,"F","13a",0,0,0
497,11,"F","13f",0,0,0
498,11,"M","14a",0,0,0
499,11,"F","14f",0,0,0
500,11,"M","15a",0,0,0
501,11,"F","15f",0,0,0
502,11,"F","16a",0,0,0
503,11,"M","16f",0,0,0
504,11,"F","17a",0,0,0
505,11,"F","17d",0,0,0
506,11,"F","17f",0,0,0
507,11,"M","18a",0,0,0
508,11,"F","18f",0,0,0
509,11,"F","19b",0,0,0
510,11,"F","19e",0,0,0
511,11,"F","19f",0,0,0
512,11,"F","21a",0,0,0
513,11,"F","21b",0,0,0
514,11,"M","21e",0,0,0
515,11,"M","21f",0,0,0
516,11,"F","22a",0,0,0
517,11,"M","22f",0,0,0
518,11,"F","23f",0,0,0
519,11,"F","24a",0,0,0
520,11,"F","24e",0,0,0
521,11,"F","24f",0,0,0
522,11,"M","25a",0,0,0
523,11,"M","26a",0,0,0
524,11,"M","27a",0,0,0
525,11,"M","27f",0,0,0
526,11,"F","28a",0,0,0
527,11,"F","28f",0,0,0
528,11,"M","29a",0,0,0
529,11,"F","29f",0,0,0
530,11,"M","30a",0,0,0
531,11,"F","30e",0,0,0
532,11,"M","30f",0,0,0
533,11,"F","32a",0,0,0
534,11,"M","32b",0,0,0
535,11,"M","32e",0,0,0
536,11,"F","32f",0,0,0
537,11,"F","33a",0,0,0
538,11,"F","33f",0,0,0
539,11,"M","34f",0,0,0
540,11,"F","35a",0,0,0
541,11,"M","35f",0,0,0
542,11,"M","36a",0,1,0
544,11,"3","36e",0,0,0
543,11,"5","37a",0,0,0
545,11,"F","37f",0,0,0
546,11,"M","38e",0,0,0
547,11,"F","38f",0,0,0
548,11,"F","39a",0,0,0
550,11,"F","39f",0,0,0
549,11,"F","40c",0,0,0
551,11,"M","41e",0,0,0
552,11,"F","41f",0,0,0
553,12,"M","01a",0,0,0
554,12,"M","01f",0,0,0
555,12,"M","03f",0,0,0
556,12,"F","05a",0,0,0
557,12,"F","05f",0,0,0
558,12,"F","07f",0,0,0
559,12,"M","08a",0,0,0
560,12,"M","08f",0,0,0
561,12,"F","10a",0,0,0
562,12,"M","10b",0,0,0
563,12,"M","10f",0,0,0
564,12,"F","11a",0,0,0
565,12,"F","11f",0,0,0
566,12,"F","12f",0,0,0
567,12,"M","13f",0,0,0
568,12,"M","14a",0,0,0
569,12,"M","15f",0,0,0
570,12,"M","16a",0,0,0
571,12,"M","16f",0,0,0
572,12,"F","17f",0,0,0
573,12,"M","18a",0,0,0
574,12,"M","18f",0,0,0
575,12,"F","19a",0,0,0
576,12,"M","19e",0,0,0
577,12,"F","19f",0,0,0
578,12,"M","21a",0,0,0
579,12,"F","21b",0,0,0
580,12,"F","21e",0,0,0
581,12,"F","21f",0,0,0
582,12,"F","22a",0,0,0
583,12,"M","22f",0,0,0
584,12,"F","24a",0,0,0
585,12,"F","24f",0,0,0
586,12,"M","25f",0,0,0
587,12,"F","27a",0,0,0
588,12,"F","28f",0,0,0
589,12,"M","29a",0,0,0
590,12,"F","32b",0,0,0
591,12,"M","32e",0,0,0
592,12,"F","32f",0,0,0
593,12,"M","33a",0,0,0
594,12,"F","33f",0,0,0
595,12,"F","34a",0,0,0
596,12,"F","35a",0,0,0
597,12,"M","35d",0,0,0
598,12,"M","36f",0,0,0
599,12,"F","38a",0,0,0
600,12,"F","38f",0,0,0
601,12,"M","41e",0,0,0
602,13,"1","01a",0,0,0
604,13,"F","01f",0,0,0
603,13,"F","02b",1,0,0
605,13,"M","02f",0,0,0
606,13,"M","03a",0,0,0
607,13,"M","04a",0,0,0
608,13,"F","05a",0,0,0
609,13,"M","05f",0,0,0
610,13,"F","06a",0,0,0
611,13,"M","06f",0,0,0
612,13,"M","07a",0,0,0
613,13,"F","07f",0,0,0
614,13,"M","08a",0,0,0
615,13,"F","08b",0,0,0
616,13,"M","08e",0,0,0
617,13,"M","08f",0,0,0
618,13,"M","10a",0,0,0
619,13,"F","10b",0,0,0
620,13,"M","10e",0,0,0
621,13,"M","10f",0,0,0
622,13,"M","11a",0,0,0
623,13,"M","11f",0,0,0
624,13,"M","12a",0,0,0
625,13,"M","13a",0,0,0
626,13,"M","13f",0,0,0
627,13,"F","15a",0,0,0
628,13,"M","16a",0,0,0
629,13,"F","16f",0,0,0
630,13,"M","18a",0,0,0
631,13,"F","18f",0,0,0
632,13,"M","19a",0,0,0
633,13,"F","19b",0,0,0
634,13,"M","19e",0,0,0
635,13,"M","19f",0,0,0
636,13,"M","21a",0,0,0
637,13,"F","21b",0,0,0
638,13,"M","21e",0,0,0
639,13,"M","21f",0,0,0
640,13,"M","22a",0,0,0
641,13,"M","22f",0,0,0
642,13,"M","23f",0,0,0
643,13,"F","24a",0,0,0
644,13,"M","24f",0,0,0
645,13,"F","25a",0,0,0
646,13,"M","25f",0,0,0
647,13,"F","26a",0,0,0
648,13,"M","26e",0,0,0
649,13,"M","27a",0,0,0
650,13,"M","27f",0,0,0
651,13,"M","28f",0,0,0
652,13,"M","29a",0,0,0
653,13,"M","29f",0,0,0
654,13,"F","30a",0,0,0
655,13,"M","30b",0,0,0
656,13,"M","30e",0,0,0
657,13,"M","30f",0,0,0
658,13,"M","32e",0,0,0
659,13,"M","33a",0,0,0
660,13,"F","33f",0,0,0
661,13,"M","35a",0,0,0
662,13,"M","35f",0,0,0
663,13,"M","36a",0,0,0
664,13,"F","37f",0,0,0
665,13,"F","38a",0,0,0
666,13,"F","38c",0,0,0
667,13,"F","38f",0,0,0
668,13,"F","39f",0,0,0
669,13,"F","41e",0,0,0
670,13,"F","41f",0,0,0
671,14,"M","02f",0,0,0
672,14,"M","04f",0,0,0
673,14,"M","05a",0,0,0
674,14,"F","05f",0,0,0
675,14,"M","06f",0,0,0
676,14,"M","08a",0,0,0
677,14,"F","10a",0,0,0
678,14,"F","10f",0,0,0
679,14,"M","11a",0,0,0
680,14,"M","13a",0,0,0
681,14,"M","13f",0,0,0
682,14,"F","15e",0,0,0
683,14,"B","15f",0,0,0
684,14,"F","16a",0,0,0
685,14,"M","16f",0,0,0
686,14,"F","17a",0,0,0
687,14,"M","19f",0,0,0
688,14,"F","21b",0,0,0
689,14,"M","21f",0,0,0
690,14,"M","22f",0,0,0
692,14,"1","23f",0,0,0
691,14,"M","24a",0,0,0
693,14,"M","24f",1,0,0
694,14,"F","27f",0,0,0
695,14,"M","30a",0,0,0
696,14,"F","30b",0,0,0
697,14,"F","30e",0,0,0
698,14,"F","35a",0,0,0
699,14,"F","35f",0,0,0
700,14,"5","39f",0,0,0
701,14,"M","41f",0,1,0
702,15,"F","02a",0,0,0
704,15,"M","02d",0,0,0
703,15,"M","02f",0,0,0
705,15,"M","04f",0,0,0
706,15,"M","05a",0,0,0
707,15,"F","05f",0,0,0
708,15,"F","06a",0,0,0
709,15,"F","06f",0,0,0
710,15,"F","07a",0,0,0
711,15,"F","07f",0,0,0
712,15,"M","08a",0,0,0
713,15,"M","08e",0,0,0
714,15,"M","08f",0,0,0
715,15,"M","10a",0,0,0
716,15,"M","10b",0,0,0
717,15,"M","10e",0,0,0
718,15,"F","10f",0,0,0
719,15,"M","11a",0,0,0
720,15,"M","11f",0,0,0
721,15,"M","12a",0,0,0
722,15,"M","13a",0,0,0
723,15,"M","13f",0,0,0
724,15,"M","14e",0,0,0
725,15,"M","14f",0,0,0
726,15,"M","16a",0,0,0
727,15,"M","16f",0,0,0
728,15,"F","17a",0,0,0
729,15,"F","17f",0,0,0
730,15,"M","18f",0,0,0
731,15,"F","19a",0,0,0
732,15,"M","19b",0,0,0
733,15,"M","19e",0,0,0
734,15,"M","21b",0,0,0
735,15,"F","21f",0,0,0
736,15,"M","22a",0,0,0
737,15,"M","22f",0,0,0
738,15,"M","24a",0,0,0
739,15,"M","24f",0,0,0
740,15,"F","26f",0,0,0
741,15,"F","27a",0,0,0
742,15,"M","27d",0,0,0
743,15,"F","27f",0,0,0
744,15,"F","28f",0,0,0
745,15,"M","29f",0,0,0
746,15,"F","30a",0,0,0
747,15,"M","30e",0,0,0
748,15,"F","30f",0,0,0
749,15,"F","32a",0,0,0
750,15,"F","32b",0,0,0
751,15,"F","32f",0,0,0
752,15,"M","34f",0,0,0
753,15,"M","35a",0,0,0
754,15,"F","36a",0,0,0
755,15,"F","36f",0,0,0
756,15,"M","37d",0,0,0
757,15,"M","38a",0,0,0
758,15,"M","38f",0,0,0
759,15,"F","39f",0,0,0
760,15,"M","41e",0,0,0
761,15,"F","41f",0,0,0
762,16,"F","02a",0,0,0
763,16,"M","02f",0,0,0
764,16,"M","05a",0,0,0
766,16,"F","05b",0,0,0
765,16,"F","05f",0,0,0
767,16,"F","08a",0,0,0
768,16,"F","08f",0,0,0
769,16,"M","19a",0,0,0
770,16,"M","21f",0,0,0
772,16,"4","29f",0,0,0
773,16,"M","30f",0,0,1
774,17,"F","01a",0,0,0
775,17,"F","03f",0,0,0
776,17,"M","04f",0,0,0
777,17,"M","07f",0,0,0
778,17,"F","08a",0,0,0
2003,17,"F","09f",0,0,0
779,17,"M","11a",0,0,0
780,17,"M","13f",0,0,0
781,17,"F","14a",0,0,0
782,17,"F","16a",0,0,0
783,17,"F","16f",0,0,0
784,17,"F","19a",0,0,0
785,17,"M","19f",0,0,0
786,17,"F","22f",0,0,0
787,17,"M","23a",0,0,0
788,17,"M","25a",0,0,0
789,17,"F","26a",0,0,0
790,17,"M","28f",0,0,0
791,17,"F","29a",0,0,0
792,17,"F","29f",0,0,0
793,17,"M","35f",0,0,0
794,18,"F","05f",0,0,0
795,18,"M","09a",0,0,0
796,18,"M","11a",0,0,0
797,18,"F","13f",0,0,0
798,18,"F","16f",0,0,0
799,18,"M","17f",0,0,0
800,18,"F","20a",0,0,0
801,18,"M","20f",0,0,0
802,18,"F","22f",0,0,0
803,18,"M","23a",0,0,0
804,18,"F","25a",0,0,0
805,18,"M","25f",0,0,0
808,18,"3","30e",0,0,0
806,18,"M","30f",0,0,0
807,18,"G","31f",0,0,0
809,18,"M","32a",0,0,0
810,18,"F","33a",0,0,0
811,18,"3","33b",0,0,0
812,18,"F","34f",0,0,0
813,19,"F","01a",0,0,0
814,19,"F","02a",0,0,0
815,19,"M","03f",0,0,0
816,19,"F","04f",0,0,0
817,19,"M","05a",0,0,0
818,19,"M","07a",0,0,0
819,19,"F","10f",0,0,0
820,19,"F","11a",0,0,0
821,19,"F","11f",0,0,0
822,19,"F","12f",0,0,0
823,19,"M","14a",0,0,0
824,19,"F","16f",0,0,0
825,19,"M","18a",0,0,0
826,19,"M","20f",0,0,0
827,19,"M","22f",0,0,0
828,19,"M","25a",0,0,0
829,19,"F","25f",0,0,0
830,19,"M","26a",0,0,0
831,19,"F","28f",0,0,0
832,19,"M","29a",0,0,0
833,19,"M","33a",0,0,0
834,19,"F","34f",0,0,0
835,20,"F","01a",0,0,1
836,20,"4","02a",0,0,0
837,20,"M","03a",0,0,0
838,20,"M","03f",1,0,0
839,20,"M","05a",0,0,0
840,20,"M","07a",0,0,0
841,20,"M","07f",0,0,0
842,20,"F","08f",0,0,0
843,20,"F","09a",0,0,0
844,20,"F","09f",0,0,0
845,20,"M","10f",0,0,0
846,20,"F","11a",0,0,0
847,20,"B","12f",0,0,0
848,20,"F","13f",0,0,0
849,20,"F","14a",0,0,0
850,20,"F","15a",0,0,0
851,20,"M","16a",0,0,0
852,20,"F","16f",0,0,0
853,20,"F","17a",0,0,0
854,20,"M","18f",0,0,0
855,20,"M","19a",0,0,0
856,20,"F","20a",0,0,0
857,20,"M","20f",0,0,0
858,20,"M","21f",0,0,0
859,20,"M","22f",0,0,0
860,20,"F","23a",0,0,0
861,20,"M","24a",0,0,0
862,20,"M","24b",0,0,0
863,20,"F","25a",0,0,0
865,20,"F","25f",0,0,0
864,20,"M","26a",0,0,0
866,20,"F","26f",0,0,0
867,20,"F","27a",0,0,0
868,20,"M","27f",0,0,0
869,20,"F","29a",0,0,0
870,20,"M","29f",0,0,0
871,20,"F","30f",0,0,0
872,20,"F","31f",0,0,0
873,20,"F","32a",0,0,0
874,20,"F","33a",0,0,0
875,20,"F","34f",0,0,0
876,21,"F","01a",0,0,0
877,21,"F","02a",0,0,0
878,21,"F","03f",0,0,0
879,21,"M","04f",0,0,0
880,21,"M","05a",0,0,0
881,21,"M","06a",0,0,0
882,21,"F","07f",0,0,0
883,21,"F","08a",0,0,0
884,21,"F","08f",0,0,0
885,21,"F","09a",0,0,0
886,21,"M","09f",0,0,0
887,21,"M","11a",0,0,0
888,21,"F","11f",0,0,0
889,21,"M","13f",0,0,0
890,21,"F","14a",0,0,0
891,21,"M","16a",0,0,0
892,21,"M","16f",0,0,0
893,21,"F","17a",0,0,0
894,21,"F","17f",0,0,0
895,21,"M","18a",0,0,0
896,21,"F","19a",0,0,0
897,21,"M","20a",0,0,0
898,21,"M","20f",0,0,0
899,21,"M","21f",0,0,0
900,21,"M","22f",0,0,0
903,21,"M","23a",0,0,0
901,21,"M","23f",0,0,0
904,21,"F","24d",0,0,0
902,21,"M","24f",0,0,0
905,21,"F","25f",0,0,0
906,21,"F","26a",0,0,0
907,21,"F","26f",0,0,0
908,21,"M","27a",0,0,0
909,21,"F","28a",0,0,0
910,21,"F","28f",0,0,0
911,21,"M","29a",0,0,0
912,21,"M","29f",0,0,0
913,21,"F","30d",0,0,0
914,21,"F","30f",0,0,0
915,21,"F","31f",0,0,0
916,21,"F","32a",0,0,0
917,21,"G","33a",0,0,0
918,21,"F","34f",0,0,0
919,21,"G","35f",0,0,0
920,22,"M","01a",0,0,0
921,22,"F","01d",0,0,0
922,22,"F","02a",0,0,0
923,22,"G","02d",0,0,0
924,22,"F","03f",0,0,0
925,22,"M","05a",0,0,0
926,22,"M","05c",0,0,0
927,22,"M","05f",1,0,0
928,22,"M","06a",0,0,0
929,22,"F","06c",0,0,0
930,22,"1","06f",0,0,0
931,22,"M","07a",0,0,0
932,22,"F","07c",0,0,0
933,22,"F","07f",0,0,0
934,22,"F","08f",0,0,0
935,22,"F","09a",0,0,0
936,22,"M","09f",0,0,0
937,22,"M","11a",0,0,0
938,22,"F","11f",0,0,0
939,22,"M","12a",0,0,0
2004,22,"F","12f",0,0,0
940,22,"M","13a",0,0,0
2005,22,"F","13f",0,0,0
941,22,"M","14a",0,0,0
942,22,"3","14e",0,0,0
943,22,"F","14f",0,0,0
944,22,"F","17a",0,0,0
945,22,"M","17f",0,0,0
946,22,"F","18a",0,0,0
947,22,"M","18f",0,0,0
948,22,"M","19f",0,0,0
949,22,"M","20a",0,0,0
950,22,"M","20f",0,0,0
951,22,"F","21f",0,0,0
952,22,"f","22f",0,0,0
953,22,"M","23a",0,0,0
954,22,"F","25a",0,0,0
955,22,"F","26a",0,0,0
956,22,"M","26f",0,0,0
957,22,"F","27a",0,0,0
958,22,"M","27d",0,0,0
959,22,"M","27f",0,0,0
960,22,"M","28a",0,0,0
961,22,"F","28f",0,0,0
962,22,"F","29a",0,0,0
963,22,"M","29f",0,0,0
964,22,"M","31a",0,0,0
965,22,"M","31f",0,0,0
966,22,"F","32a",0,0,0
967,22,"F","32b",0,0,0
968,22,"F","33a",0,0,0
2006,22,"F","34f",0,0,0
969,23,"F","01a",0,0,0
970,23,"F","02a",0,0,0
971,23,"M","02d",0,0,0
972,23,"M","03b",0,0,0
973,23,"F","03f",0,0,0
974,23,"M","04a",0,0,0
975,23,"M","04f",0,0,0
976,23,"M","05a",0,0,0
977,23,"F","05c",0,0,0
978,23,"M","05f",0,0,0
979,23,"M","06a",0,0,0
980,23,"M","06c",0,0,0
981,23,"B","07a",0,0,0
982,23,"F","07f",0,0,0
983,23,"G","08a",0,0,0
985,23,"M","08b",0,0,0
986,23,"F","08c",0,0,0
984,23,"M","08f",0,0,0
987,23,"F","10a",0,0,0
988,23,"M","10f",0,0,0
989,23,"M","11a",0,0,0
990,23,"M","11f",0,0,0
991,23,"F","12c",0,0,0
992,23,"M","12f",0,0,0
993,23,"F","13a",0,0,0
994,23,"F","13e",0,0,0
995,23,"M","13f",0,0,0
996,23,"M","14b",0,0,0
997,23,"M","14f",0,0,0
998,23,"F","15a",0,0,0
999,23,"M","15f",0,0,0
1000,23,"F","16a",0,0,0
1001,23,"M","16f",0,0,0
1002,23,"F","17a",0,0,0
1003,23,"M","17f",0,0,0
1004,23,"M","18a",1,0,0
1005,23,"4","18e",0,0,0
1006,23,"M","18f",0,0,1
1007,23,"1","19a",0,0,0
1008,23,"M","20a",0,0,0
1009,23,"M","20d",0,0,0
1010,23,"F","20f",0,0,0
1011,23,"M","21a",0,0,0
1012,23,"F","21f",0,0,0
1013,23,"M","22f",0,0,0
1014,23,"F","23a",0,0,0
1015,23,"M","23f",0,0,0
1016,23,"M","24a",0,0,0
1017,23,"F","24c",0,0,0
1018,23,"M","25f",0,0,0
1019,23,"F","26a",0,0,0
1020,23,"F","26f",0,0,0
1021,23,"M","28a",0,0,0
1022,23,"M","28f",0,0,0
1023,23,"F","29a",0,0,0
1024,23,"M","29f",0,0,0
1025,23,"M","30d",0,0,0
1026,23,"M","30f",0,0,0
1027,23,"M","31d",0,0,0
1028,23,"F","31f",0,0,0
1029,23,"M","33a",0,0,0
1030,23,"M","35f",0,0,0
1031,24,"M","01a",0,0,0
1032,24,"F","04a",0,0,0
1033,24,"1","06a",0,0,0
1034,24,"M","07a",1,0,0
1035,24,"F","07e",0,0,0
1036,24,"M","09e",0,0,0
1037,24,"M","10a",0,0,0
1038,24,"F","13a",0,0,0
1039,24,"M","13e",0,0,0
1040,24,"F","14a",0,0,0
1041,24,"M","15a",0,0,0
1042,24,"M","16a",0,0,0
1043,24,"F","16e",0,0,0
1044,24,"M","17e",0,0,0
1045,24,"M","19a",0,0,0
1046,24,"F","19e",0,0,0
1047,24,"F","20a",0,0,0
1048,24,"F","22a",0,0,0
1049,24,"F","22e",0,0,0
1050,24,"M","23e",0,0,0
1051,25,"F","01e",0,0,0
1052,25,"F","02a",0,0,0
1053,25,"F","04e",0,0,0
1054,25,"M","06a",0,0,0
1055,25,"F","08e",0,0,0
1056,25,"M","09a",0,0,0
1057,25,"F","09e",0,0,0
1058,25,"M","12a",0,0,0
1059,25,"F","13e",0,0,0
1060,25,"M","15e",0,0,0
1061,25,"F","16a",0,0,0
1062,25,"M","18a",0,0,0
1063,25,"M","18e",0,0,0
1064,25,"F","20e",0,0,0
1065,25,"F","21e",0,0,0
1066,25,"F","22a",0,0,0
1067,25,"M","23e",0,0,0
1068,25,"M","25a",0,0,0
1069,25,"M","26a",0,0,0
1070,25,"M","28e",0,0,0
1071,26,"M","01a",0,0,0
1072,26,"M","01e",0,0,0
1073,26,"F","02a",0,0,0
1074,26,"M","03e",0,0,0
1075,26,"M","06a",0,0,0
1076,26,"M","08e",0,0,0
1077,26,"F","09a",0,0,0
1078,26,"F","11e",0,0,0
1079,26,"M","14e",0,0,0
1080,26,"F","16a",0,0,0
1081,26,"M","18e",0,0,0
1082,26,"M","22a",0,0,0
1083,26,"F","24e",0,0,0
1084,26,"B","26a",0,0,0
1085,26,"F","27a",0,0,0
1086,26,"F","28e",0,0,0
1087,27,"M","01a",0,0,1
1088,27,"4","02a",0,0,0
1089,27,"M","03e",0,0,0
1090,27,"F","04e",0,0,0
1091,27,"M","05a",0,0,0
1092,27,"M","06a",0,0,0
1093,27,"F","06e",0,0,0
1094,27,"M","07a",0,0,0
1095,27,"F","07d",0,0,0
1097,27,"M","08e",0,0,0
1096,27,"M","09a",0,0,0
1099,27,"M","10a",0,0,0
1098,27,"M","10e",0,0,0
1100,27,"F","11a",0,0,0
1102,27,"M","11e",0,0,0
1101,27,"F","12a",0,0,0
1103,27,"M","12e",0,0,0
1104,27,"F","14e",0,0,0
1105,27,"M","15a",0,0,0
1106,27,"M","17a",0,0,0
1107,27,"4","18a",0,0,0
1109,27,"M","18e",0,0,0
1108,27,"F","19a",0,0,1
1110,27,"M","20e",0,0,0
1111,27,"F","22a",0,0,0
1112,27,"F","24e",0,0,0
1113,27,"M","26a",0,0,0
1132,28,"1","01e",0,0,0
1116,28,"F","02a",0,0,0
1114,28,"F","02e",1,0,0
1115,28,"M","03e",1,0,0
1133,28,"1","04e",0,0,0
1117,28,"F","06a",0,0,0
1118,28,"M","08e",0,0,0
1120,28,"M","10a",0,0,0
1119,28,"F","10e",0,0,0
1122,28,"F","11e",0,0,0
1121,28,"F","12a",0,0,0
1123,28,"M","16a",0,0,0
1125,28,"M","18e",0,0,0
1124,28,"M","19a",0,0,0
1126,28,"M","20e",0,0,0
1127,28,"B","23e",0,0,0
1128,28,"F","24e",0,0,0
1129,28,"M","26a",0,0,0
1130,28,"M","27e",0,0,0
1131,28,"M","28a",0,0,0
1134,29,"M","02a",0,0,0
1135,29,"F","04e",0,0,0
1136,29,"F","07a",0,0,0
1137,29,"F","08a",0,0,0
1138,29,"M","10e",0,0,0
1139,29,"M","11a",0,0,0
1140,29,"F","12a",0,0,0
1141,29,"F","14e",0,0,0
1142,29,"M","16a",0,0,0
1143,29,"M","18a",0,0,0
1145,29,"F","18e",0,0,0
1144,29,"M","19a",0,0,0
1146,29,"F","20a",0,0,0
1147,29,"F","22a",0,0,0
1148,29,"M","22e",0,0,0
1149,29,"M","24e",0,0,0
1150,29,"M","26a",0,0,0
1151,29,"F","28a",0,0,0
1152,29,"M","29a",0,0,0
1153,29,"F","29e",0,0,0
1155,30,"1","01a",0,0,0
1154,30,"F","01e",0,0,0
1156,30,"F","02a",1,0,0
1157,30,"F","04e",0,0,0
1159,30,"F","08a",0,0,0
1158,30,"F","08e",0,0,0
1160,30,"F","09a",0,0,0
1161,30,"F","12a",0,0,0
1162,30,"M","16a",0,0,0
1163,30,"F","18e",0,0,0
1164,30,"M","19a",0,0,0
1165,30,"M","22a",0,0,0
1166,30,"M","22e",0,0,0
1167,30,"F","26a",0,0,0
1168,30,"M","28e",0,0,0
1169,30,"F","29a",0,0,0
1170,31,"F","01a",0,0,0
1171,31,"F","01e",0,0,0
1172,31,"F","02a",0,0,0
1173,31,"F","02d",0,0,0
1175,31,"M","03e",0,0,0
1174,31,"3","04d",0,0,0
1176,31,"F","04e",0,0,0
1177,31,"F","06a",0,0,0
1178,31,"M","08a",0,0,0
1179,31,"F","08e",0,0,0
1180,31,"F","09e",0,0,0
1182,31,"F","10a",0,0,0
1181,31,"F","10e",0,0,0
1184,31,"F","11e",0,0,0
1183,31,"M","12a",0,0,0
1185,31,"F","12e",0,0,0
1188,31,"M","13a",0,0,0
1186,31,"M","13e",0,0,0
1187,31,"M","14e",0,0,0
1189,31,"M","15b",0,0,0
1190,31,"F","17a",0,0,0
1192,31,"M","18e",0,0,0
1191,31,"F","19a",0,0,0
1193,31,"F","22a",0,0,0
1194,31,"F","24e",0,0,0
1195,31,"F","26a",0,0,0
1196,31,"M","28e",0,0,0
1197,32,"M","01e",0,0,0
1198,32,"M","02a",0,0,0
1199,32,"F","04e",0,0,0
1200,32,"F","06a",0,0,0
1205,32,"M","07e",0,0,0
1201,32,"M","08a",0,0,0
1206,32,"F","08e",0,0,0
1202,32,"F","09a",0,0,0
1207,32,"G","09e",0,0,0
1203,32,"F","10a",0,0,0
1208,32,"F","10e",0,0,0
1204,32,"F","12a",0,0,0
1210,32,"M","13a",0,0,0
1209,32,"F","14e",0,0,0
1211,32,"M","15b",0,0,0
1212,32,"F","15e",0,0,0
1213,32,"M","17e",0,0,0
1214,32,"M","18a",0,0,0
1219,32,"F","18e",0,0,0
1215,32,"F","19a",0,0,0
1220,32,"M","19e",0,0,0
1216,32,"G","20a",0,0,0
1221,32,"F","20e",0,0,0
1217,32,"G","21a",0,0,0
1218,32,"F","22a",0,0,0
1222,32,"F","22e",0,0,0
1223,32,"F","24e",0,0,0
1224,32,"M","29a",0,0,0
1225,32,"M","29e",0,0,0
1226,33,"F","01a",0,0,1
1227,33,"4","02a",0,0,0
1228,33,"M","04e",0,0,0
1229,33,"M","06a",0,0,0
1231,33,"F","08e",0,0,0
1232,33,"M","11e",0,0,0
1230,33,"M","12a",0,0,0
1233,33,"F","12e",0,0,0
1234,33,"F","15a",0,0,0
1235,33,"F","16a",0,0,0
1237,33,"M","18e",0,0,0
1236,33,"M","19a",0,0,0
1238,33,"F","24e",0,0,0
1239,34,"F","01a",0,0,0
1240,34,"M","01e",0,0,0
1241,34,"F","03a",0,0,0
1242,34,"F","04e",0,0,0
1243,34,"F","08a",0,0,0
1244,34,"F","08e",0,0,0
1245,34,"F","10a",0,0,0
1246,34,"F","10e",0,0,0
1247,34,"M","13e",0,0,0
1248,34,"F","15a",0,0,0
1249,34,"M","16a",0,0,0
1250,34,"M","17a",0,0,0
1251,34,"F","19a",0,0,0
1252,34,"M","19e",0,0,0
1253,34,"M","22a",0,0,0
1256,35,"F","01a",0,0,0
1257,35,"M","01e",0,0,0
1258,35,"M","02a",0,0,0
1261,35,"F","02e",0,0,0
1259,35,"F","03a",0,0,0
1260,35,"F","03c",0,0,0
1262,35,"M","03e",0,0,0
1263,35,"F","04a",0,0,0
1270,35,"M","04e",0,0,0
1264,35,"F","05a",0,0,0
1271,35,"F","05e",0,0,0
1265,35,"F","06a",0,0,0
1272,35,"F","06e",0,0,0
1266,35,"F","07a",0,0,0
1273,35,"F","07e",0,0,0
1267,35,"F","08a",0,0,0
1274,35,"F","08e",0,0,0
1268,35,"F","09a",0,0,0
1275,35,"F","09e",0,0,0
1269,35,"F","10a",0,0,0
1276,35,"M","10e",0,0,0
1277,35,"M","12a",0,0,0
1278,35,"F","12e",0,0,0
1279,35,"F","13a",0,0,0
1286,35,"M","13e",0,0,0
1280,35,"M","14a",0,0,0
1287,35,"F","14e",0,0,0
1281,35,"F","15a",0,0,0
1288,35,"M","15e",0,0,0
1282,35,"F","16a",0,0,0
1289,35,"F","16e",0,0,0
1283,35,"F","17a",0,0,0
1290,35,"M","17e",0,0,0
1284,35,"F","18a",0,0,0
1291,35,"F","18e",0,0,0
1285,35,"M","19a",0,0,0
1292,35,"F","19e",0,0,0
1293,35,"F","20a",0,0,0
1294,35,"M","20e",0,0,0
1295,35,"F","21a",0,0,0
1296,35,"F","22a",0,0,0
1298,35,"M","22e",0,0,0
1297,35,"M","23a",0,0,0
1299,35,"M","23e",0,0,0
1300,36,"M","04a",0,0,0
1301,36,"M","04e",0,0,0
1302,36,"M","07a",0,0,0
1303,36,"F","07e",0,0,0
1304,36,"M","09a",0,0,0
1305,36,"F","09e",0,0,0
1306,36,"M","11e",0,0,0
1307,36,"F","13a",0,0,0
1308,36,"M","14e",0,0,0
1309,36,"F","17e",0,0,0
1310,36,"F","18a",0,0,0
1311,36,"F","22e",0,0,0
1312,36,"F","24e",0,0,0
1313,36,"F","27a",0,0,0
1314,36,"F","28a",0,0,0
1315,37,"F","13a",0,0,0
1316,37,"F","14a",0,0,0
1317,37,"M","14e",0,0,0
1318,37,"M","17a",0,0,0
1319,37,"M","17e",0,0,0
1320,37,"M","20a",0,0,0
1321,37,"4","23a",0,0,0
1323,37,"M","23e",0,0,0
1322,37,"M","24b",0,0,1
1324,37,"F","24e",0,0,0
1325,38,"M","02a",0,0,0
1326,38,"M","04e",0,0,0
1327,38,"F","05a",0,0,0
1328,38,"M","06b",0,0,0
1329,38,"F","07a",0,0,0
1330,38,"F","07e",0,0,0
1331,38,"M","09a",0,0,0
1332,38,"F","10a",0,0,0
1333,38,"F","11e",0,0,0
1334,38,"M","13a",0,0,0
1335,38,"F","13e",0,0,0
1336,38,"F","14a",0,0,0
1337,38,"F","14e",0,0,0
1338,38,"M","16a",0,0,0
1339,38,"F","17a",0,0,0
1340,38,"F","17e",0,0,0
1341,38,"M","19e",0,0,0
1342,38,"M","21a",0,0,0
1343,38,"F","22e",0,0,0
1344,38,"4","23a",0,0,0
1345,38,"M","24a",0,0,1
1346,38,"M","24e",0,0,0
1347,38,"F","27a",0,0,0
1348,39,"F","03a",0,0,0
1349,39,"F","03e",0,0,0
1350,39,"M","04e",0,0,0
1351,39,"F","07e",0,0,0
1352,39,"M","08a",0,0,0
1353,39,"F","09e",0,0,0
1354,39,"F","10a",0,0,0
1355,39,"F","10e",0,0,0
1356,39,"F","11a",0,0,0
1357,39,"M","11e",0,0,0
1358,39,"F","14a",0,0,0
1359,39,"F","14e",0,0,0
1360,39,"F","17a",0,0,0
1361,39,"4","17e",0,0,0
1362,39,"M","18e",0,0,1
1363,39,"M","24b",0,0,0
1364,40,"F","01a",0,0,0
1365,40,"F","04a",0,0,0
1366,40,"M","08a",0,0,0
1367,40,"M","09a",0,0,0
1368,40,"F","09e",0,0,0
1369,40,"F","14a",0,0,0
1370,40,"M","14e",0,0,0
1371,40,"M","20e",0,0,0
1372,40,"M","21a",0,0,0
1373,41,"M","01a",0,0,0
1375,41,"M","03e",0,0,0
1374,41,"M","04a",0,0,0
1376,41,"M","07a",0,0,0
1377,41,"M","07e",0,0,0
1378,41,"M","08a",0,0,0
1379,41,"M","09a",0,0,0
1380,41,"M","09e",0,0,0
1381,41,"M","10a",0,0,0
1382,41,"F","12a",0,0,0
1383,41,"F","12e",0,0,0
1384,41,"F","14a",0,0,0
1385,41,"M","14e",0,0,0
1386,41,"F","16a",0,0,0
1387,41,"M","17a",0,0,0
1388,41,"M","17e",0,0,0
1389,41,"F","18a",0,0,0
1390,41,"F","18e",0,0,0
1391,41,"M","19e",0,0,0
1392,41,"M","20a",0,0,0
1393,41,"F","20e",0,0,0
1394,41,"F","21e",0,0,0
1395,41,"F","22a",0,0,0
1397,41,"F","22e",0,0,0
1398,41,"F","23a",0,0,0
1399,41,"F","23e",0,0,0
1400,41,"M","24a",0,0,0
1401,41,"M","24e",0,0,0
1402,41,"M","25a",0,0,0
1403,41,"M","27a",0,0,0
1404,41,"2","27d",0,0,0
1405,42,"M","01a",0,0,0
1406,42,"M","04a",0,0,0
1407,42,"M","05d",0,0,0
1408,42,"M","06a",0,0,0
1409,42,"M","07a",0,0,0
1410,42,"F","07e",0,0,0
1411,42,"M","09a",0,0,0
1412,42,"F","09e",0,0,0
1413,42,"M","10e",0,0,0
1414,42,"F","14a",0,0,0
1415,42,"F","14e",0,0,0
1416,42,"F","17a",0,0,0
1417,42,"F","19a",0,0,0
1418,42,"M","19e",0,0,0
1419,42,"F","20e",0,0,0
1420,42,"F","22a",0,0,0
1421,42,"F","22e",0,0,0
1422,42,"F","24a",0,0,0
1423,42,"M","24e",0,0,0
1424,42,"F","27a",0,0,0
1425,42,"F","27e",0,0,0
1426,42,"F","30e",0,0,0
1427,43,"M","01a",0,0,0
1428,43,"F","04a",0,0,0
1429,43,"M","04e",0,0,0
1430,43,"F","05d",0,0,0
1431,43,"M","07e",0,0,0
1432,43,"M","08a",0,0,0
1433,43,"M","10a",0,0,0
1434,43,"M","10e",0,0,0
1435,43,"M","12e",0,0,0
1436,43,"M","14a",0,0,0
1437,43,"M","14e",0,0,0
1438,43,"M","17e",0,0,0
1439,43,"M","19e",0,0,0
1440,43,"M","20e",0,0,0
1441,43,"F","21a",0,0,0
1442,43,"M","21e",0,0,0
1443,43,"M","23e",0,0,0
1444,43,"M","24a",0,0,0
1445,43,"F","24e",0,0,0
1446,43,"G","27a",0,0,0
1447,43,"F","28a",0,0,0
1448,43,"M","29e",0,0,0
1449,43,"B","30e",0,0,0
1450,44,"M","01a",0,0,0
1451,44,"F","04a",0,0,0
1452,44,"F","04e",0,0,0
1453,44,"M","05c",0,0,0
1454,44,"F","05e",0,0,0
1455,44,"M","06a",0,0,0
1456,44,"M","06e",0,0,0
1457,44,"F","07a",0,0,0
1458,44,"F","07e",0,0,0
1459,44,"F","08a",0,0,0
1460,44,"F","09a",0,0,0
1461,44,"M","09e",0,0,0
1462,44,"M","10e",0,0,0
1463,44,"M","11a",0,0,0
1464,44,"F","11e",0,0,0
1465,44,"F","12a",0,0,0
1466,44,"M","13e",0,0,0
1467,44,"M","14a",0,0,0
1468,44,"F","14e",0,0,0
1469,44,"M","15a",0,0,0
1470,44,"M","15b",0,0,0
1471,44,"F","15e",0,0,0
1472,44,"M","17a",0,0,0
1473,44,"M","17e",0,0,0
1474,44,"M","19a",0,0,0
1475,44,"F","19e",0,0,0
1476,44,"F","21a",0,0,0
1477,44,"M","22e",0,0,0
1478,44,"F","24b",0,0,0
1479,44,"F","24e",0,0,0
1480,44,"M","27e",0,0,0
1481,44,"M","28a",0,0,0
1482,44,"F","29e",0,0,0
1483,44,"F","30e",0,0,0
1484,45,"M","01a",0,0,0
1485,45,"F","04a",0,0,0
1486,45,"M","04e",0,0,0
1487,45,"M","06a",0,0,0
1488,45,"F","07a",0,0,0
1489,45,"F","07e",0,0,0
1490,45,"F","10a",0,0,0
1491,45,"F","11a",0,0,0
1492,45,"M","14a",0,0,0
1493,45,"M","14e",0,0,0
1494,45,"F","17a",0,0,0
1495,45,"F","17e",0,0,0
1496,45,"F","20e",0,0,0
1497,45,"M","24a",0,0,0
1498,46,"F","01a",0,0,0
1499,46,"B","01f",0,0,0
1500,46,"F","02f",0,0,0
1501,46,"F","03f",0,0,0
1504,46,"2","05e",0,0,0
1503,46,"M","05f",0,0,0
1505,46,"F","07a",0,0,0
1506,46,"M","08a",0,0,0
1507,46,"F","08f",0,0,0
1508,46,"F","09f",0,0,0
1509,46,"F","10a",0,0,0
1510,46,"F","10f",0,0,0
1511,46,"F","11f",0,0,0
1512,46,"F","12a",0,0,0
1513,46,"F","12f",0,0,0
1514,46,"F","13a",0,0,0
1515,46,"F","13f",0,0,0
1516,46,"M","14a",0,0,0
1517,46,"1","14f",0,0,0
1518,46,"F","15a",0,0,0
1519,46,"F","15f",1,0,0
1520,46,"F","16a",0,0,0
1521,46,"M","16f",0,0,0
1522,46,"F","18a",0,0,0
1523,46,"F","18f",0,0,0
1524,46,"F","20a",0,0,0
1525,46,"M","20d",0,0,0
1527,46,"F","21a",0,0,0
1528,46,"F","21f",0,0,0
1529,46,"F","22a",0,0,0
1530,46,"F","23f",0,0,0
1531,46,"G","24f",0,0,0
1533,46,"F","25a",0,0,0
1535,46,"F","25f",0,0,0
1536,46,"M","26a",0,0,0
1538,46,"M","27f",0,0,0
1539,46,"M","29a",0,0,0
1540,46,"M","29f",0,0,0
1542,47,"F","01a",0,0,0
1543,47,"M","02f",0,0,0
1544,47,"M","05a",0,0,0
1545,47,"M","05f",0,0,0
1546,47,"F","07a",0,0,0
1547,47,"F","07f",0,0,0
1548,47,"F","08a",0,0,0
1549,47,"M","09f",0,0,0
1550,47,"M","10a",0,0,0
1551,47,"F","10f",0,0,0
1552,47,"M","12a",0,0,0
1553,47,"F","13a",0,0,0
1554,47,"M","13f",0,0,0
1555,47,"F","14a",0,0,0
1556,47,"F","16a",0,0,0
1557,47,"F","16f",0,0,0
1558,47,"F","17f",0,0,0
1559,47,"F","18a",0,0,0
1560,47,"F","18f",0,0,0
1561,47,"M","21a",0,0,0
1562,47,"M","21f",0,0,0
1563,47,"M","23a",0,0,0
1564,47,"F","23f",0,0,0
1565,47,"F","24a",0,0,0
1566,47,"F","24f",0,0,0
1567,47,"B","26a",0,0,0
1568,47,"M","26f",0,0,0
1569,47,"M","29a",0,0,0
1570,47,"F","29f",0,0,0
1572,48,"F","01a",0,0,0
1573,48,"F","01f",0,0,0
1574,48,"F","02a",0,0,0
1575,48,"F","02f",0,0,0
1576,48,"M","03a",0,0,0
1577,48,"M","03b",0,0,0
1578,48,"M","03f",0,0,0
1579,48,"M","04a",0,0,0
1580,48,"F","04c",0,0,0
1581,48,"M","05a",0,0,0
1582,48,"F","05f",0,0,0
1583,48,"F","06a",0,0,0
1584,48,"M","06f",0,0,0
1585,48,"G","07a",0,0,0
1586,48,"M","07f",0,0,0
1587,48,"F","08a",0,0,0
1588,48,"F","09a",0,0,0
1589,48,"F","09f",0,0,0
1590,48,"F","10a",0,0,0
1591,48,"M","10b",0,0,0
1592,48,"F","10f",0,0,0
1593,48,"M","11f",0,0,0
1594,48,"F","12f",0,0,0
1595,48,"M","13a",0,0,0
1596,48,"M","13f",0,0,0
1597,48,"M","15a",0,0,0
1598,48,"M","15f",0,0,0
1599,48,"F","16f",0,0,0
1600,48,"F","18a",0,0,0
1602,48,"M","18f",0,0,0
1603,48,"M","19a",0,0,0
1604,48,"M","19f",0,0,0
1605,48,"M","20f",0,0,0
1606,48,"M","21a",0,0,0
1607,48,"F","21f",0,0,0
1608,48,"M","23a",0,0,0
1609,48,"M","23f",0,0,0
1610,48,"F","24f",0,0,0
1611,48,"M","25a",0,0,0
1612,48,"M","26a",0,0,0
1613,48,"M","26f",0,0,0
1614,48,"M","27f",0,0,0
1615,48,"M","28a",0,0,0
1616,48,"F","29b",0,0,0
1617,48,"M","29e",0,0,0
1618,49,"F","01a",0,0,0
1619,49,"F","05a",0,0,0
1620,49,"F","05f",0,0,0
1621,49,"M","10a",0,0,0
1622,49,"M","10f",0,0,0
1623,49,"M","13a",0,0,0
1624,49,"M","13f",0,0,0
1625,49,"F","16a",0,0,0
1626,49,"F","18a",0,0,0
1627,49,"M","18f",0,0,0
1628,49,"F","21a",0,0,0
1629,49,"F","21f",0,0,0
1630,49,"F","26f",0,0,0
1631,49,"M","30f",0,0,0
1632,50,"F","01f",0,0,0
1633,50,"F","02a",0,0,0
1634,50,"F","02f",0,0,0
1635,50,"F","05a",0,0,0
1636,50,"M","05f",0,0,0
1637,50,"F","07a",0,0,0
1638,50,"M","07f",0,0,0
1639,50,"F","08f",0,0,0
1640,50,"M","10a",0,0,0
1641,50,"M","10f",0,0,0
1642,50,"M","13a",0,0,0
1643,50,"F","13f",0,0,0
1644,50,"F","14f",0,0,0
1645,50,"F","15a",0,0,0
1646,50,"M","17a",0,0,0
1647,50,"G","17f",0,0,0
1648,50,"M","18a",0,0,0
1649,50,"M","18f",0,0,0
1650,50,"M","19f",0,0,0
1651,50,"F","20c",0,0,0
1652,50,"M","20f",0,0,0
1653,50,"M","21a",0,0,0
1654,50,"F","21f",0,0,0
1655,50,"F","22f",0,0,0
1656,50,"M","23a",0,0,0
1657,50,"F","23f",0,0,0
1658,50,"M","25a",0,0,0
1659,50,"F","25f",0,0,0
1660,50,"M","26a",0,0,0
1661,50,"M","26f",0,0,0
1662,50,"F","29f",0,0,0
1663,51,"M","01a",0,0,0
1664,51,"M","05a",0,0,0
1665,51,"M","05f",0,0,0
1666,51,"M","10a",0,0,0
1667,51,"M","10f",0,0,0
1668,51,"M","13a",0,0,0
1669,51,"M","13f",0,0,0
1670,51,"M","16f",0,0,0
1671,51,"F","18a",0,0,0
1672,51,"M","18f",0,0,0
1673,51,"B","21a",0,0,0
1674,51,"M","21f",0,0,0
1675,51,"F","22a",0,0,0
1676,51,"M","26a",0,0,0
1677,51,"F","27c",0,0,0
1678,51,"F","28a",0,0,0
1679,51,"M","29f",0,0,0
1680,52,"M","02a",0,0,0
1682,52,"M","06a",0,0,0
1684,52,"F","06f",0,0,0
1683,52,"M","07a",0,0,0
1685,52,"F","08a",0,0,0
1688,52,"M","08f",0,0,0
1689,52,"F","09f",0,0,0
1687,52,"F","10a",0,0,0
1690,52,"F","13a",0,0,0
1691,52,"F","13f",0,0,0
1692,52,"F","14a",0,0,0
1693,52,"M","14f",0,0,0
1694,52,"F","15a",0,0,0
1695,52,"F","16a",0,0,0
1696,52,"F","18a",0,0,0
1697,52,"F","18f",0,0,0
1698,52,"F","21a",0,0,0
1699,52,"M","21f",0,0,0
1700,52,"M","22f",0,0,0
1701,52,"F","24a",0,0,0
1702,52,"F","25a",0,0,0
1703,52,"M","25f",0,0,0
1704,52,"F","26a",0,0,0
1705,52,"M","29a",0,0,0
1706,52,"M","29f",0,0,0
1707,52,"F","30a",0,0,0
1708,53,"M","02a",0,0,0
1709,53,"M","05a",0,0,0
1710,53,"F","05f",0,0,0
1711,53,"F","06a",0,0,0
1712,53,"M","06f",0,0,0
1713,53,"M","10f",0,0,0
1714,53,"M","15a",0,0,0
1715,53,"F","16a",0,0,0
1716,53,"M","17a",0,0,0
1717,54,"F","01f",0,0,0
1718,54,"F","02a",0,0,0
1719,54,"M","03d",0,0,0
1720,54,"M","05a",0,0,0
1721,54,"F","05f",0,0,0
1722,54,"M","07a",0,0,0
1723,54,"F","08a",0,0,0
1724,54,"M","08f",0,0,0
1725,54,"F","10a",0,0,0
1726,54,"M","10f",0,0,0
1727,54,"M","11a",0,0,0
1728,54,"F","13a",0,0,0
1729,54,"M","14a",0,0,0
1730,54,"B","15a",0,0,0
1731,54,"M","15f",0,0,0
1732,54,"F","16a",0,0,0
1733,54,"F","16f",0,0,0
1734,54,"M","18a",0,0,0
1735,54,"M","18f",0,0,0
1736,54,"M","19f",0,0,0
1737,54,"M","21a",0,0,0
1738,54,"M","21f",0,0,0
1739,54,"M","23a",0,0,0
1740,54,"F","25a",0,0,0
1741,54,"F","26a",0,0,0
1742,54,"F","26f",0,0,0
1743,54,"F","28d",0,0,0
1744,54,"F","29a",0,0,0
1745,54,"F","30f",0,0,0
1746,55,"F","01f",0,0,0
1748,55,"F","02a",0,0,0
1751,55,"M","03d",0,0,0
1750,55,"M","03e",0,0,0
1749,55,"M","03f",0,0,0
1752,55,"M","05a",0,0,0
1753,55,"F","05f",0,0,0
1754,55,"1","06a",0,0,0
1755,55,"M","07a",1,0,0
1756,55,"F","07f",0,0,0
1757,55,"F","08a",0,0,0
1758,55,"M","08f",0,0,0
1759,55,"F","09a",0,0,0
1760,55,"F","10a",0,0,0
1761,55,"M","10f",0,0,0
1762,55,"M","11a",0,0,0
1763,55,"M","12a",0,0,0
1764,55,"F","12f",0,0,0
1765,55,"F","13a",0,0,0
1766,55,"M","13f",0,0,0
1767,55,"M","14a",0,0,0
1768,55,"B","15a",0,0,0
1769,55,"M","15f",0,0,0
1770,55,"F","16a",0,0,0
1771,55,"F","16f",0,0,0
1772,55,"M","17f",0,0,0
1773,55,"M","18a",0,0,0
1774,55,"M","18f",0,0,0
1775,55,"M","19f",0,0,0
1776,55,"M","20f",0,0,0
1777,55,"M","21a",0,0,0
1778,55,"M","21f",0,0,0
1779,55,"M","23a",0,0,0
1780,55,"M","23f",0,0,0
1781,55,"M","24f",0,0,0
1782,55,"F","25a",0,0,0
1783,55,"M","25f",0,0,0
1784,55,"F","26a",0,0,0
1785,55,"F","26f",0,0,0
1786,55,"M","27e",0,0,0
1787,55,"F","29a",0,0,0
1788,55,"F","30f",0,0,0
1789,56,"M","02a",0,0,0
1790,56,"M","10f",0,0,0
1791,56,"F","13a",0,0,0
1792,56,"M","21f",0,0,0
1793,57,"M","02a",0,0,0
1794,57,"M","10f",0,0,0
1795,57,"M","15a",0,0,0
1796,57,"F","16a",0,0,0
1797,57,"M","17a",0,0,0
1798,57,"M","21a",0,0,0
1799,57,"M","21f",0,0,0
1800,58,"F","01f",0,0,0
1801,58,"M","02a",0,0,0
1802,58,"F","05a",0,0,0
1803,58,"F","05f",0,0,0
1804,58,"F","06a",0,0,0
1805,58,"F","07f",0,0,0
1806,58,"F","08f",0,0,0
1807,58,"F","09a",0,0,0
1808,58,"F","10f",0,0,0
1809,58,"F","11f",0,0,0
1810,58,"F","13a",0,0,0
1811,58,"F","13f",0,0,0
1812,58,"M","15a",0,0,0
1813,58,"M","15f",0,0,0
1814,58,"M","16a",0,0,0
1815,58,"M","18a",0,0,0
1816,58,"F","18f",0,0,0
1817,58,"M","21a",0,0,0
1818,58,"F","21f",0,0,0
1819,58,"F","23a",0,0,0
1820,58,"F","23f",0,0,0
1821,58,"F","24a",0,0,0
1822,58,"F","24f",0,0,0
1823,58,"M","25f",0,0,0
1824,58,"F","26a",0,0,0
1825,58,"M","26f",0,0,0
1826,58,"M","28a",0,0,0
1827,58,"F","29a",0,0,0
1828,58,"F","29f",0,0,0
1829,60,"F","01a",0,0,0
1830,60,"F","01f",0,0,0
1831,60,"M","02a",0,0,0
1832,60,"M","02f",0,0,0
1833,60,"M","03a",0,0,0
1834,60,"M","03c",0,0,0
1835,60,"M","03f",0,0,0
1836,60,"M","05a",0,0,0
1837,60,"M","05f",0,0,0
1838,60,"M","06a",0,0,0
1839,60,"M","06f",0,0,0
1840,60,"M","07a",0,0,0
1841,60,"F","07f",0,0,0
1842,60,"F","08a",0,0,0
1843,60,"F","08f",0,0,0
1844,60,"F","10a",0,0,0
1845,60,"F","10f",0,0,0
1846,60,"M","12f",0,0,0
1848,60,"M","13a",0,0,0
1849,60,"F","13f",0,0,0
1851,60,"B","14f",0,0,0
1850,60,"M","15a",0,0,0
1852,60,"G","15f",0,0,0
1854,60,"M","16a",0,0,0
1855,60,"G","17f",0,0,0
1856,60,"M","18a",0,0,0
1857,60,"F","18f",0,0,0
1858,60,"F","19b",0,0,0
1859,60,"M","19f",0,0,0
1860,60,"M","20a",0,0,0
1861,60,"M","21a",0,0,0
1862,60,"M","21f",0,0,0
1863,60,"M","22a",0,0,0
1864,60,"M","22f",0,0,0
1865,60,"F","23a",0,0,0
1866,60,"F","23f",0,0,0
1867,60,"F","24a",0,0,0
1868,60,"M","24f",0,0,0
1869,60,"F","25f",0,0,0
1870,60,"M","26a",0,0,0
1871,60,"F","26f",0,0,0
1872,60,"F","27a",0,0,0
1873,60,"M","28a",0,0,0
1874,60,"F","29a",0,0,0
1875,60,"F","29f",0,0,0
1876,60,"F","30f",0,0,0
1877,61,"M","01a",0,0,0
1878,61,"M","01f",0,0,0
1879,61,"F","02a",0,0,0
1880,61,"F","02f",0,0,0
1881,61,"F","04f",0,0,0
1882,61,"M","06f",0,0,0
1883,61,"F","07a",0,0,0
1884,61,"M","07f",0,0,0
1885,61,"M","08a",0,0,0
1886,61,"M","10a",0,0,0
1887,61,"M","10f",0,0,0
1888,61,"M","13a",0,0,0
1889,61,"M","13f",0,0,0
1890,61,"M","15a",0,0,0
1891,61,"F","15f",0,0,0
1892,61,"M","16a",0,0,0
1893,61,"F","16f",0,0,0
1894,61,"F","17a",0,0,0
1895,61,"M","17f",0,0,0
1896,61,"F","18a",0,0,0
1897,61,"M","18f",0,0,0
1898,61,"M","19f",0,0,0
1899,61,"M","21a",0,0,0
1900,61,"F","21f",0,0,0
1901,61,"F","22a",0,0,0
1902,61,"F","22f",0,0,0
1903,61,"G","23a",0,0,0
1904,61,"F","23f",0,0,0
1905,61,"M","24a",0,0,0
1906,61,"B","24f",0,0,0
1907,61,"F","25a",0,0,0
1908,61,"M","25f",0,0,0
1909,61,"F","26a",0,0,0
1910,61,"M","26f",0,0,0
1911,61,"M","27f",0,0,0
1912,61,"M","28a",0,0,0
1913,61,"F","28f",0,0,0
1914,61,"B","29a",0,0,1
1915,61,"4","29b",0,0,0
1916,61,"F","29f",0,0,0
1917,61,"F","30a",0,0,0
1918,61,"M","30c",0,0,0
1919,61,"F","30f",0,0,0
1920,62,"F","01f",0,0,0
1921,62,"M","02a",0,0,0
1922,62,"M","02f",0,0,0
1923,62,"F","05a",0,0,0
1924,62,"M","05f",0,0,0
1925,62,"F","07f",0,0,0
1926,62,"M","08a",0,0,0
1927,62,"F","08f",0,0,0
1928,62,"M","10a",0,0,0
1929,62,"M","10f",0,0,0
1930,62,"F","11c",0,0,0
1931,62,"F","13a",0,0,0
1932,62,"M","13f",0,0,0
1933,62,"F","15a",0,0,0
1934,62,"M","15f",0,0,0
1935,62,"F","16f",0,0,0
1936,62,"F","18a",0,0,0
1937,62,"M","18f",0,0,0
1938,62,"M","21a",0,0,0
1939,62,"B","21f",0,0,0
1940,62,"F","22f",0,0,0
1941,62,"M","23a",0,0,0
1942,62,"F","23f",0,0,0
1943,62,"F","24a",0,0,0
1944,62,"F","24f",0,0,1
1945,62,"4","25f",0,0,0
1946,62,"F","26a",0,0,0
1947,62,"F","26e",0,0,0
1948,62,"G","26f",0,0,0
1949,62,"4","29a",0,0,0
1951,62,"F","29f",0,0,0
1950,62,"F","30a",0,0,1
1952,62,"F","30f",0,0,0
1955,64,"M","01f",0,0,0
1956,64,"F","09f",0,0,1
1957,64,"4","10f",0,0,0
1958,64,"F","18a",0,0,0
1959,64,"M","21a",0,0,0
1960,64,"F","22a",0,0,0
1961,64,"F","22f",0,0,0
1962,64,"F","26a",0,0,0
1963,64,"M","26f",0,0,0
1964,66,"M","01a",0,0,0
1965,66,"F","01f",0,0,0
1966,66,"F","02f",0,0,0
1967,66,"M","05a",0,0,0
1968,66,"F","05f",0,0,0
1969,66,"F","06f",0,0,0
1970,66,"M","07a",0,0,0
1971,66,"F","07f",0,0,0
1972,66,"F","09a",0,0,0
1973,66,"F","09f",0,0,0
1974,66,"F","10a",0,0,0
1975,66,"F","10f",0,0,0
1976,66,"F","12f",0,0,0
1977,66,"M","13a",0,0,0
1978,66,"M","13f",0,0,0
1980,66,"M","14a",0,0,0
1979,66,"F","14f",0,0,0
1981,66,"M","16a",0,0,0
1982,66,"F","16f",0,0,0
1983,66,"M","17f",0,0,0
1984,66,"M","18a",0,0,0
1985,66,"F","18f",0,0,0
1986,66,"M","20c",0,0,0
1987,66,"M","20f",0,0,0
1988,66,"F","21a",0,0,0
1989,66,"F","21f",0,0,0
1990,66,"M","23a",0,0,0
1991,66,"F","23f",0,0,0
1992,66,"F","25a",0,0,0
1993,66,"M","25c",0,0,0
1994,66,"M","25f",0,0,0
1995,66,"M","26a",0,0,0
1996,66,"F","26f",0,0,0
1997,66,"F","27d",0,0,0
1998,66,"F","28b",0,0,0
1999,66,"M","28d",0,0,0
2002,66,"F","28f",0,0,0
2000,66,"M","29a",0,0,0
2001,66,"M","29f",0,0,0
